상품번호,상품명,상품링크,깨진이미지수,전체이미지수,깨진이미지주소,응답코드
5579002,(우먼) 헤어리 울 자켓_챠콜,https://www.musinsa.com/products/5579002,7,11,https://cgraphy.diskn.com/KIIMUIR/2025/25FW/KBEWWJK003CH/01.jpg,"의심(작음 3,601B)"
5579002,(우먼) 헤어리 울 자켓_챠콜,https://www.musinsa.com/products/5579002,7,11,https://cgraphy.diskn.com/KIIMUIR/2025/25FW/KBEWWJK003CH/02.jpg,"의심(작음 3,601B)"
5579002,(우먼) 헤어리 울 자켓_챠콜,https://www.musinsa.com/products/5579002,7,11,https://cgraphy.diskn.com/KIIMUIR/2025/25FW/KBEWWJK003CH/03.jpg,"의심(작음 3,601B)"
5579002,(우먼) 헤어리 울 자켓_챠콜,https://www.musinsa.com/products/5579002,7,11,https://cgraphy.diskn.com/KIIMUIR/2025/25FW/KBEWWJK003CH/04.jpg,"의심(작음 3,601B)"
5579002,(우먼) 헤어리 울 자켓_챠콜,https://www.musinsa.com/products/5579002,7,11,https://cgraphy.diskn.com/KIIMUIR/2025/25FW/KBEWWJK003CH/06.jpg,"의심(작음 3,601B)"
5579002,(우먼) 헤어리 울 자켓_챠콜,https://www.musinsa.com/products/5579002,7,11,https://cgraphy.diskn.com/KIIMUIR/2025/25FW/KBEWWJK003CH/07.jpg,"의심(작음 3,601B)"
5579002,(우먼) 헤어리 울 자켓_챠콜,https://www.musinsa.com/products/5579002,7,11,https://cgraphy.diskn.com/KIIMUIR/2025/25FW/KBEWWJK003CH/09.jpg,"의심(작음 3,601B)"
5579009,(우먼) 체크 패턴 숏 패딩 점퍼_네이비,https://www.musinsa.com/products/5579009,7,11,https://cgraphy.diskn.com/KIIMUIR/2025/25FW/KBEWWHH007NY/01.jpg,"의심(작음 3,601B)"
5579009,(우먼) 체크 패턴 숏 패딩 점퍼_네이비,https://www.musinsa.com/products/5579009,7,11,https://cgraphy.diskn.com/KIIMUIR/2025/25FW/KBEWWHH007NY/02.jpg,"의심(작음 3,601B)"
5579009,(우먼) 체크 패턴 숏 패딩 점퍼_네이비,https://www.musinsa.com/products/5579009,7,11,https://cgraphy.diskn.com/KIIMUIR/2025/25FW/KBEWWHH007NY/03.jpg,"의심(작음 3,601B)"
5579009,(우먼) 체크 패턴 숏 패딩 점퍼_네이비,https://www.musinsa.com/products/5579009,7,11,https://cgraphy.diskn.com/KIIMUIR/2025/25FW/KBEWWHH007NY/04.jpg,"의심(작음 3,601B)"
5579009,(우먼) 체크 패턴 숏 패딩 점퍼_네이비,https://www.musinsa.com/products/5579009,7,11,https://cgraphy.diskn.com/KIIMUIR/2025/25FW/KBEWWHH007NY/06.jpg,"의심(작음 3,601B)"
5579009,(우먼) 체크 패턴 숏 패딩 점퍼_네이비,https://www.musinsa.com/products/5579009,7,11,https://cgraphy.diskn.com/KIIMUIR/2025/25FW/KBEWWHH007NY/07.jpg,"의심(작음 3,601B)"
5579009,(우먼) 체크 패턴 숏 패딩 점퍼_네이비,https://www.musinsa.com/products/5579009,7,11,https://cgraphy.diskn.com/KIIMUIR/2025/25FW/KBEWWHH007NY/09.jpg,"의심(작음 3,601B)"
5903180,베이직 웨스턴 벨트_블랙,https://www.musinsa.com/products/5903180,6,11,https://cgraphy.diskn.com/KIIMUIR/2026/26SS/KBFSUAB001BK/02.jpg,의심(작음 585B)
5903180,베이직 웨스턴 벨트_블랙,https://www.musinsa.com/products/5903180,6,11,https://cgraphy.diskn.com/KIIMUIR/2026/26SS/KBFSUAB001BK/03.jpg,의심(작음 585B)
5903180,베이직 웨스턴 벨트_블랙,https://www.musinsa.com/products/5903180,6,11,https://cgraphy.diskn.com/KIIMUIR/2026/26SS/KBFSUAB001BK/04.jpg,의심(작음 585B)
5903180,베이직 웨스턴 벨트_블랙,https://www.musinsa.com/products/5903180,6,11,https://cgraphy.diskn.com/KIIMUIR/2026/26SS/KBFSUAB001BK/05.jpg,"의심(작음 117,737B)"
5903180,베이직 웨스턴 벨트_블랙,https://www.musinsa.com/products/5903180,6,11,https://cgraphy.diskn.com/KIIMUIR/2026/26SS/KBFSUAB001BK/06.jpg,의심(작음 585B)
5903180,베이직 웨스턴 벨트_블랙,https://www.musinsa.com/products/5903180,6,11,https://cgraphy.diskn.com/KIIMUIR/2026/26SS/KBFSUAB001BK/09.jpg,"의심(작음 3,747B)"
6979664,[크롭] 라이트 레이어드 롱슬리브_레몬,https://www.musinsa.com/products/6979664,5,10,https://cgraphy.diskn.com/KIIMUIR/2026/26FW/KBFMF0116LM/02.jpg,"의심(작음 1,003B)"
6979664,[크롭] 라이트 레이어드 롱슬리브_레몬,https://www.musinsa.com/products/6979664,5,10,https://cgraphy.diskn.com/KIIMUIR/2026/26FW/KBFMF0116LM/03.jpg,"의심(작음 1,003B)"
6979664,[크롭] 라이트 레이어드 롱슬리브_레몬,https://www.musinsa.com/products/6979664,5,10,https://cgraphy.diskn.com/KIIMUIR/2026/26FW/KBFMF0116LM/04.jpg,"의심(작음 1,003B)"
6979664,[크롭] 라이트 레이어드 롱슬리브_레몬,https://www.musinsa.com/products/6979664,5,10,https://cgraphy.diskn.com/KIIMUIR/2026/26FW/KBFMF0116LM/05.jpg,"의심(작음 1,003B)"
6979664,[크롭] 라이트 레이어드 롱슬리브_레몬,https://www.musinsa.com/products/6979664,5,10,https://cgraphy.diskn.com/KIIMUIR/2026/26FW/KBFMF0116LM/06.jpg,"의심(작음 1,003B)"
6980159,리버시블 체크 헤링턴 점퍼_블랙,https://www.musinsa.com/products/6980159,5,10,https://cgraphy.diskn.com/KIIMUIR/2026/26FW/KBFMF0207BK/02.jpg,"의심(작음 1,003B)"
6980159,리버시블 체크 헤링턴 점퍼_블랙,https://www.musinsa.com/products/6980159,5,10,https://cgraphy.diskn.com/KIIMUIR/2026/26FW/KBFMF0207BK/03.jpg,"의심(작음 1,003B)"
6980159,리버시블 체크 헤링턴 점퍼_블랙,https://www.musinsa.com/products/6980159,5,10,https://cgraphy.diskn.com/KIIMUIR/2026/26FW/KBFMF0207BK/04.jpg,"의심(작음 1,003B)"
6980159,리버시블 체크 헤링턴 점퍼_블랙,https://www.musinsa.com/products/6980159,5,10,https://cgraphy.diskn.com/KIIMUIR/2026/26FW/KBFMF0207BK/05.jpg,"의심(작음 1,003B)"
6980159,리버시블 체크 헤링턴 점퍼_블랙,https://www.musinsa.com/products/6980159,5,10,https://cgraphy.diskn.com/KIIMUIR/2026/26FW/KBFMF0207BK/06.jpg,"의심(작음 1,003B)"
6979660,[크롭] 라이트 레이어드 롱슬리브_퍼플,https://www.musinsa.com/products/6979660,5,10,https://cgraphy.diskn.com/KIIMUIR/2026/26FW/KBFMF0116PP/02.jpg,"의심(작음 1,003B)"
6979660,[크롭] 라이트 레이어드 롱슬리브_퍼플,https://www.musinsa.com/products/6979660,5,10,https://cgraphy.diskn.com/KIIMUIR/2026/26FW/KBFMF0116PP/03.jpg,"의심(작음 1,003B)"
6979660,[크롭] 라이트 레이어드 롱슬리브_퍼플,https://www.musinsa.com/products/6979660,5,10,https://cgraphy.diskn.com/KIIMUIR/2026/26FW/KBFMF0116PP/04.jpg,"의심(작음 1,003B)"
6979660,[크롭] 라이트 레이어드 롱슬리브_퍼플,https://www.musinsa.com/products/6979660,5,10,https://cgraphy.diskn.com/KIIMUIR/2026/26FW/KBFMF0116PP/05.jpg,"의심(작음 1,003B)"
6979660,[크롭] 라이트 레이어드 롱슬리브_퍼플,https://www.musinsa.com/products/6979660,5,10,https://cgraphy.diskn.com/KIIMUIR/2026/26FW/KBFMF0116PP/06.jpg,"의심(작음 1,003B)"
6980031,[크롭] 와플 헨리넥 니트_코코아,https://www.musinsa.com/products/6980031,5,10,https://cgraphy.diskn.com/KIIMUIR/2026/26FW/KBFMF0205CO/02.jpg,"의심(작음 1,003B)"
6980031,[크롭] 와플 헨리넥 니트_코코아,https://www.musinsa.com/products/6980031,5,10,https://cgraphy.diskn.com/KIIMUIR/2026/26FW/KBFMF0205CO/03.jpg,"의심(작음 1,003B)"
6980031,[크롭] 와플 헨리넥 니트_코코아,https://www.musinsa.com/products/6980031,5,10,https://cgraphy.diskn.com/KIIMUIR/2026/26FW/KBFMF0205CO/04.jpg,"의심(작음 1,003B)"
6980031,[크롭] 와플 헨리넥 니트_코코아,https://www.musinsa.com/products/6980031,5,10,https://cgraphy.diskn.com/KIIMUIR/2026/26FW/KBFMF0205CO/05.jpg,"의심(작음 1,003B)"
6980031,[크롭] 와플 헨리넥 니트_코코아,https://www.musinsa.com/products/6980031,5,10,https://cgraphy.diskn.com/KIIMUIR/2026/26FW/KBFMF0205CO/06.jpg,"의심(작음 1,003B)"
6980163,리버시블 체크 헤링턴 점퍼_버건디,https://www.musinsa.com/products/6980163,5,10,https://cgraphy.diskn.com/KIIMUIR/2026/26FW/KBFMF0207BG/02.jpg,"의심(작음 1,003B)"
6980163,리버시블 체크 헤링턴 점퍼_버건디,https://www.musinsa.com/products/6980163,5,10,https://cgraphy.diskn.com/KIIMUIR/2026/26FW/KBFMF0207BG/03.jpg,"의심(작음 1,003B)"
6980163,리버시블 체크 헤링턴 점퍼_버건디,https://www.musinsa.com/products/6980163,5,10,https://cgraphy.diskn.com/KIIMUIR/2026/26FW/KBFMF0207BG/04.jpg,"의심(작음 1,003B)"
6980163,리버시블 체크 헤링턴 점퍼_버건디,https://www.musinsa.com/products/6980163,5,10,https://cgraphy.diskn.com/KIIMUIR/2026/26FW/KBFMF0207BG/05.jpg,"의심(작음 1,003B)"
6980163,리버시블 체크 헤링턴 점퍼_버건디,https://www.musinsa.com/products/6980163,5,10,https://cgraphy.diskn.com/KIIMUIR/2026/26FW/KBFMF0207BG/06.jpg,"의심(작음 1,003B)"
6979659,[크롭] 라이트 레이어드 롱슬리브_네이비,https://www.musinsa.com/products/6979659,5,10,https://cgraphy.diskn.com/KIIMUIR/2026/26FW/KBFMF0116NY/02.jpg,"의심(작음 1,003B)"
6979659,[크롭] 라이트 레이어드 롱슬리브_네이비,https://www.musinsa.com/products/6979659,5,10,https://cgraphy.diskn.com/KIIMUIR/2026/26FW/KBFMF0116NY/03.jpg,"의심(작음 1,003B)"
6979659,[크롭] 라이트 레이어드 롱슬리브_네이비,https://www.musinsa.com/products/6979659,5,10,https://cgraphy.diskn.com/KIIMUIR/2026/26FW/KBFMF0116NY/04.jpg,"의심(작음 1,003B)"
6979659,[크롭] 라이트 레이어드 롱슬리브_네이비,https://www.musinsa.com/products/6979659,5,10,https://cgraphy.diskn.com/KIIMUIR/2026/26FW/KBFMF0116NY/05.jpg,"의심(작음 1,003B)"
6979659,[크롭] 라이트 레이어드 롱슬리브_네이비,https://www.musinsa.com/products/6979659,5,10,https://cgraphy.diskn.com/KIIMUIR/2026/26FW/KBFMF0116NY/06.jpg,"의심(작음 1,003B)"
6980026,[크롭] 와플 헨리넥 니트_멜란지그레이,https://www.musinsa.com/products/6980026,5,10,https://cgraphy.diskn.com/KIIMUIR/2026/26FW/KBFMF0205MG/02.jpg,"의심(작음 1,003B)"
6980026,[크롭] 와플 헨리넥 니트_멜란지그레이,https://www.musinsa.com/products/6980026,5,10,https://cgraphy.diskn.com/KIIMUIR/2026/26FW/KBFMF0205MG/03.jpg,"의심(작음 1,003B)"
6980026,[크롭] 와플 헨리넥 니트_멜란지그레이,https://www.musinsa.com/products/6980026,5,10,https://cgraphy.diskn.com/KIIMUIR/2026/26FW/KBFMF0205MG/04.jpg,"의심(작음 1,003B)"
6980026,[크롭] 와플 헨리넥 니트_멜란지그레이,https://www.musinsa.com/products/6980026,5,10,https://cgraphy.diskn.com/KIIMUIR/2026/26FW/KBFMF0205MG/05.jpg,"의심(작음 1,003B)"
6980026,[크롭] 와플 헨리넥 니트_멜란지그레이,https://www.musinsa.com/products/6980026,5,10,https://cgraphy.diskn.com/KIIMUIR/2026/26FW/KBFMF0205MG/06.jpg,"의심(작음 1,003B)"
6979708,[크롭] 스트라이프 레이어드 헨리넥 롱슬리브_버건디,https://www.musinsa.com/products/6979708,5,10,https://cgraphy.diskn.com/KIIMUIR/2026/26FW/KBFMF0111BG/02.jpg,"의심(작음 1,003B)"
6979708,[크롭] 스트라이프 레이어드 헨리넥 롱슬리브_버건디,https://www.musinsa.com/products/6979708,5,10,https://cgraphy.diskn.com/KIIMUIR/2026/26FW/KBFMF0111BG/03.jpg,"의심(작음 1,003B)"
6979708,[크롭] 스트라이프 레이어드 헨리넥 롱슬리브_버건디,https://www.musinsa.com/products/6979708,5,10,https://cgraphy.diskn.com/KIIMUIR/2026/26FW/KBFMF0111BG/04.jpg,"의심(작음 1,003B)"
6979708,[크롭] 스트라이프 레이어드 헨리넥 롱슬리브_버건디,https://www.musinsa.com/products/6979708,5,10,https://cgraphy.diskn.com/KIIMUIR/2026/26FW/KBFMF0111BG/05.jpg,"의심(작음 1,003B)"
6979708,[크롭] 스트라이프 레이어드 헨리넥 롱슬리브_버건디,https://www.musinsa.com/products/6979708,5,10,https://cgraphy.diskn.com/KIIMUIR/2026/26FW/KBFMF0111BG/06.jpg,"의심(작음 1,003B)"
6980055,[크롭] 스트라이프 헨리넥 니트_버건디,https://www.musinsa.com/products/6980055,5,10,https://cgraphy.diskn.com/KIIMUIR/2026/26FW/KBFMF0206BG/02.jpg,"의심(작음 1,003B)"
6980055,[크롭] 스트라이프 헨리넥 니트_버건디,https://www.musinsa.com/products/6980055,5,10,https://cgraphy.diskn.com/KIIMUIR/2026/26FW/KBFMF0206BG/03.jpg,"의심(작음 1,003B)"
6980055,[크롭] 스트라이프 헨리넥 니트_버건디,https://www.musinsa.com/products/6980055,5,10,https://cgraphy.diskn.com/KIIMUIR/2026/26FW/KBFMF0206BG/04.jpg,"의심(작음 1,003B)"
6980055,[크롭] 스트라이프 헨리넥 니트_버건디,https://www.musinsa.com/products/6980055,5,10,https://cgraphy.diskn.com/KIIMUIR/2026/26FW/KBFMF0206BG/05.jpg,"의심(작음 1,003B)"
6980055,[크롭] 스트라이프 헨리넥 니트_버건디,https://www.musinsa.com/products/6980055,5,10,https://cgraphy.diskn.com/KIIMUIR/2026/26FW/KBFMF0206BG/06.jpg,"의심(작음 1,003B)"
6979662,[크롭] 라이트 레이어드 롱슬리브_민트,https://www.musinsa.com/products/6979662,5,10,https://cgraphy.diskn.com/KIIMUIR/2026/26FW/KBFMF0116MT/02.jpg,"의심(작음 1,003B)"
6979662,[크롭] 라이트 레이어드 롱슬리브_민트,https://www.musinsa.com/products/6979662,5,10,https://cgraphy.diskn.com/KIIMUIR/2026/26FW/KBFMF0116MT/03.jpg,"의심(작음 1,003B)"
6979662,[크롭] 라이트 레이어드 롱슬리브_민트,https://www.musinsa.com/products/6979662,5,10,https://cgraphy.diskn.com/KIIMUIR/2026/26FW/KBFMF0116MT/04.jpg,"의심(작음 1,003B)"
6979662,[크롭] 라이트 레이어드 롱슬리브_민트,https://www.musinsa.com/products/6979662,5,10,https://cgraphy.diskn.com/KIIMUIR/2026/26FW/KBFMF0116MT/05.jpg,"의심(작음 1,003B)"
6979662,[크롭] 라이트 레이어드 롱슬리브_민트,https://www.musinsa.com/products/6979662,5,10,https://cgraphy.diskn.com/KIIMUIR/2026/26FW/KBFMF0116MT/06.jpg,"의심(작음 1,003B)"
6980053,[크롭] 스트라이프 헨리넥 니트_차콜,https://www.musinsa.com/products/6980053,5,10,https://cgraphy.diskn.com/KIIMUIR/2026/26FW/KBFMF0206CH/02.jpg,"의심(작음 1,003B)"
6980053,[크롭] 스트라이프 헨리넥 니트_차콜,https://www.musinsa.com/products/6980053,5,10,https://cgraphy.diskn.com/KIIMUIR/2026/26FW/KBFMF0206CH/03.jpg,"의심(작음 1,003B)"
6980053,[크롭] 스트라이프 헨리넥 니트_차콜,https://www.musinsa.com/products/6980053,5,10,https://cgraphy.diskn.com/KIIMUIR/2026/26FW/KBFMF0206CH/04.jpg,"의심(작음 1,003B)"
6980053,[크롭] 스트라이프 헨리넥 니트_차콜,https://www.musinsa.com/products/6980053,5,10,https://cgraphy.diskn.com/KIIMUIR/2026/26FW/KBFMF0206CH/05.jpg,"의심(작음 1,003B)"
6980053,[크롭] 스트라이프 헨리넥 니트_차콜,https://www.musinsa.com/products/6980053,5,10,https://cgraphy.diskn.com/KIIMUIR/2026/26FW/KBFMF0206CH/06.jpg,"의심(작음 1,003B)"
6979620,[크롭] 체크 플란넬 후드 롱슬리브_퍼플,https://www.musinsa.com/products/6979620,5,10,https://cgraphy.diskn.com/KIIMUIR/2026/26FW/KBFMF0112PP/02.jpg,"의심(작음 1,003B)"
6979620,[크롭] 체크 플란넬 후드 롱슬리브_퍼플,https://www.musinsa.com/products/6979620,5,10,https://cgraphy.diskn.com/KIIMUIR/2026/26FW/KBFMF0112PP/03.jpg,"의심(작음 1,003B)"
6979620,[크롭] 체크 플란넬 후드 롱슬리브_퍼플,https://www.musinsa.com/products/6979620,5,10,https://cgraphy.diskn.com/KIIMUIR/2026/26FW/KBFMF0112PP/04.jpg,"의심(작음 1,003B)"
6979620,[크롭] 체크 플란넬 후드 롱슬리브_퍼플,https://www.musinsa.com/products/6979620,5,10,https://cgraphy.diskn.com/KIIMUIR/2026/26FW/KBFMF0112PP/05.jpg,"의심(작음 1,003B)"
6979620,[크롭] 체크 플란넬 후드 롱슬리브_퍼플,https://www.musinsa.com/products/6979620,5,10,https://cgraphy.diskn.com/KIIMUIR/2026/26FW/KBFMF0112PP/06.jpg,"의심(작음 1,003B)"
6979706,[크롭] 스트라이프 레이어드 헨리넥 롱슬리브_스트라이프,https://www.musinsa.com/products/6979706,5,10,https://cgraphy.diskn.com/KIIMUIR/2026/26FW/KBFMF0111ST/02.jpg,"의심(작음 1,003B)"
6979706,[크롭] 스트라이프 레이어드 헨리넥 롱슬리브_스트라이프,https://www.musinsa.com/products/6979706,5,10,https://cgraphy.diskn.com/KIIMUIR/2026/26FW/KBFMF0111ST/03.jpg,"의심(작음 1,003B)"
6979706,[크롭] 스트라이프 레이어드 헨리넥 롱슬리브_스트라이프,https://www.musinsa.com/products/6979706,5,10,https://cgraphy.diskn.com/KIIMUIR/2026/26FW/KBFMF0111ST/04.jpg,"의심(작음 1,003B)"
6979706,[크롭] 스트라이프 레이어드 헨리넥 롱슬리브_스트라이프,https://www.musinsa.com/products/6979706,5,10,https://cgraphy.diskn.com/KIIMUIR/2026/26FW/KBFMF0111ST/05.jpg,"의심(작음 1,003B)"
6979706,[크롭] 스트라이프 레이어드 헨리넥 롱슬리브_스트라이프,https://www.musinsa.com/products/6979706,5,10,https://cgraphy.diskn.com/KIIMUIR/2026/26FW/KBFMF0111ST/06.jpg,"의심(작음 1,003B)"
6980027,[크롭] 와플 헨리넥 니트_차콜,https://www.musinsa.com/products/6980027,5,10,https://cgraphy.diskn.com/KIIMUIR/2026/26FW/KBFMF0205CH/02.jpg,"의심(작음 1,003B)"
6980027,[크롭] 와플 헨리넥 니트_차콜,https://www.musinsa.com/products/6980027,5,10,https://cgraphy.diskn.com/KIIMUIR/2026/26FW/KBFMF0205CH/03.jpg,"의심(작음 1,003B)"
6980027,[크롭] 와플 헨리넥 니트_차콜,https://www.musinsa.com/products/6980027,5,10,https://cgraphy.diskn.com/KIIMUIR/2026/26FW/KBFMF0205CH/04.jpg,"의심(작음 1,003B)"
6980027,[크롭] 와플 헨리넥 니트_차콜,https://www.musinsa.com/products/6980027,5,10,https://cgraphy.diskn.com/KIIMUIR/2026/26FW/KBFMF0205CH/05.jpg,"의심(작음 1,003B)"
6980027,[크롭] 와플 헨리넥 니트_차콜,https://www.musinsa.com/products/6980027,5,10,https://cgraphy.diskn.com/KIIMUIR/2026/26FW/KBFMF0205CH/06.jpg,"의심(작음 1,003B)"
6979712,[크롭] 스트라이프 레이어드 헨리넥 롱슬리브_차콜,https://www.musinsa.com/products/6979712,5,10,https://cgraphy.diskn.com/KIIMUIR/2026/26FW/KBFMF0111CH/02.jpg,"의심(작음 1,003B)"
6979712,[크롭] 스트라이프 레이어드 헨리넥 롱슬리브_차콜,https://www.musinsa.com/products/6979712,5,10,https://cgraphy.diskn.com/KIIMUIR/2026/26FW/KBFMF0111CH/03.jpg,"의심(작음 1,003B)"
6979712,[크롭] 스트라이프 레이어드 헨리넥 롱슬리브_차콜,https://www.musinsa.com/products/6979712,5,10,https://cgraphy.diskn.com/KIIMUIR/2026/26FW/KBFMF0111CH/04.jpg,"의심(작음 1,003B)"
6979712,[크롭] 스트라이프 레이어드 헨리넥 롱슬리브_차콜,https://www.musinsa.com/products/6979712,5,10,https://cgraphy.diskn.com/KIIMUIR/2026/26FW/KBFMF0111CH/05.jpg,"의심(작음 1,003B)"
6979712,[크롭] 스트라이프 레이어드 헨리넥 롱슬리브_차콜,https://www.musinsa.com/products/6979712,5,10,https://cgraphy.diskn.com/KIIMUIR/2026/26FW/KBFMF0111CH/06.jpg,"의심(작음 1,003B)"
6980015,[크롭] 울터치 크롭 라운드 니트_민트,https://www.musinsa.com/products/6980015,5,10,https://cgraphy.diskn.com/KIIMUIR/2026/26FW/KBFMF0204MT/02.jpg,"의심(작음 1,003B)"
6980015,[크롭] 울터치 크롭 라운드 니트_민트,https://www.musinsa.com/products/6980015,5,10,https://cgraphy.diskn.com/KIIMUIR/2026/26FW/KBFMF0204MT/03.jpg,"의심(작음 1,003B)"
6980015,[크롭] 울터치 크롭 라운드 니트_민트,https://www.musinsa.com/products/6980015,5,10,https://cgraphy.diskn.com/KIIMUIR/2026/26FW/KBFMF0204MT/04.jpg,"의심(작음 1,003B)"
6980015,[크롭] 울터치 크롭 라운드 니트_민트,https://www.musinsa.com/products/6980015,5,10,https://cgraphy.diskn.com/KIIMUIR/2026/26FW/KBFMF0204MT/05.jpg,"의심(작음 1,003B)"
6980015,[크롭] 울터치 크롭 라운드 니트_민트,https://www.musinsa.com/products/6980015,5,10,https://cgraphy.diskn.com/KIIMUIR/2026/26FW/KBFMF0204MT/06.jpg,"의심(작음 1,003B)"
6979658,[크롭] 라이트 레이어드 롱슬리브_차콜,https://www.musinsa.com/products/6979658,5,10,https://cgraphy.diskn.com/KIIMUIR/2026/26FW/KBFMF0116CH/02.jpg,"의심(작음 1,003B)"
6979658,[크롭] 라이트 레이어드 롱슬리브_차콜,https://www.musinsa.com/products/6979658,5,10,https://cgraphy.diskn.com/KIIMUIR/2026/26FW/KBFMF0116CH/03.jpg,"의심(작음 1,003B)"
6979658,[크롭] 라이트 레이어드 롱슬리브_차콜,https://www.musinsa.com/products/6979658,5,10,https://cgraphy.diskn.com/KIIMUIR/2026/26FW/KBFMF0116CH/04.jpg,"의심(작음 1,003B)"
6979658,[크롭] 라이트 레이어드 롱슬리브_차콜,https://www.musinsa.com/products/6979658,5,10,https://cgraphy.diskn.com/KIIMUIR/2026/26FW/KBFMF0116CH/05.jpg,"의심(작음 1,003B)"
6979658,[크롭] 라이트 레이어드 롱슬리브_차콜,https://www.musinsa.com/products/6979658,5,10,https://cgraphy.diskn.com/KIIMUIR/2026/26FW/KBFMF0116CH/06.jpg,"의심(작음 1,003B)"
6980017,[크롭] 울터치 크롭 라운드 니트_멜란지그레이,https://www.musinsa.com/products/6980017,5,10,https://cgraphy.diskn.com/KIIMUIR/2026/26FW/KBFMF0204MG/02.jpg,"의심(작음 1,003B)"
6980017,[크롭] 울터치 크롭 라운드 니트_멜란지그레이,https://www.musinsa.com/products/6980017,5,10,https://cgraphy.diskn.com/KIIMUIR/2026/26FW/KBFMF0204MG/03.jpg,"의심(작음 1,003B)"
6980017,[크롭] 울터치 크롭 라운드 니트_멜란지그레이,https://www.musinsa.com/products/6980017,5,10,https://cgraphy.diskn.com/KIIMUIR/2026/26FW/KBFMF0204MG/04.jpg,"의심(작음 1,003B)"
6980017,[크롭] 울터치 크롭 라운드 니트_멜란지그레이,https://www.musinsa.com/products/6980017,5,10,https://cgraphy.diskn.com/KIIMUIR/2026/26FW/KBFMF0204MG/05.jpg,"의심(작음 1,003B)"
6980017,[크롭] 울터치 크롭 라운드 니트_멜란지그레이,https://www.musinsa.com/products/6980017,5,10,https://cgraphy.diskn.com/KIIMUIR/2026/26FW/KBFMF0204MG/06.jpg,"의심(작음 1,003B)"
6979621,[크롭] 체크 플란넬 후드 롱슬리브_네이비,https://www.musinsa.com/products/6979621,5,10,https://cgraphy.diskn.com/KIIMUIR/2026/26FW/KBFMF0112NY/02.jpg,"의심(작음 1,003B)"
6979621,[크롭] 체크 플란넬 후드 롱슬리브_네이비,https://www.musinsa.com/products/6979621,5,10,https://cgraphy.diskn.com/KIIMUIR/2026/26FW/KBFMF0112NY/03.jpg,"의심(작음 1,003B)"
6979621,[크롭] 체크 플란넬 후드 롱슬리브_네이비,https://www.musinsa.com/products/6979621,5,10,https://cgraphy.diskn.com/KIIMUIR/2026/26FW/KBFMF0112NY/04.jpg,"의심(작음 1,003B)"
6979621,[크롭] 체크 플란넬 후드 롱슬리브_네이비,https://www.musinsa.com/products/6979621,5,10,https://cgraphy.diskn.com/KIIMUIR/2026/26FW/KBFMF0112NY/05.jpg,"의심(작음 1,003B)"
6979621,[크롭] 체크 플란넬 후드 롱슬리브_네이비,https://www.musinsa.com/products/6979621,5,10,https://cgraphy.diskn.com/KIIMUIR/2026/26FW/KBFMF0112NY/06.jpg,"의심(작음 1,003B)"
6980121,[크롭] 데님 트러커 자켓_블루,https://www.musinsa.com/products/6980121,5,10,https://cgraphy.diskn.com/KIIMUIR/2026/26FW/KBFMF0201BL/02.jpg,"의심(작음 1,003B)"
6980121,[크롭] 데님 트러커 자켓_블루,https://www.musinsa.com/products/6980121,5,10,https://cgraphy.diskn.com/KIIMUIR/2026/26FW/KBFMF0201BL/03.jpg,"의심(작음 1,003B)"
6980121,[크롭] 데님 트러커 자켓_블루,https://www.musinsa.com/products/6980121,5,10,https://cgraphy.diskn.com/KIIMUIR/2026/26FW/KBFMF0201BL/04.jpg,"의심(작음 1,003B)"
6980121,[크롭] 데님 트러커 자켓_블루,https://www.musinsa.com/products/6980121,5,10,https://cgraphy.diskn.com/KIIMUIR/2026/26FW/KBFMF0201BL/05.jpg,"의심(작음 1,003B)"
6980121,[크롭] 데님 트러커 자켓_블루,https://www.musinsa.com/products/6980121,5,10,https://cgraphy.diskn.com/KIIMUIR/2026/26FW/KBFMF0201BL/06.jpg,"의심(작음 1,003B)"
6979573,[크롭] 와플 후드 롱슬리브_차콜,https://www.musinsa.com/products/6979573,5,10,https://cgraphy.diskn.com/KIIMUIR/2026/26FW/KBFMF0101CH/02.jpg,"의심(작음 1,003B)"
6979573,[크롭] 와플 후드 롱슬리브_차콜,https://www.musinsa.com/products/6979573,5,10,https://cgraphy.diskn.com/KIIMUIR/2026/26FW/KBFMF0101CH/03.jpg,"의심(작음 1,003B)"
6979573,[크롭] 와플 후드 롱슬리브_차콜,https://www.musinsa.com/products/6979573,5,10,https://cgraphy.diskn.com/KIIMUIR/2026/26FW/KBFMF0101CH/04.jpg,"의심(작음 1,003B)"
6979573,[크롭] 와플 후드 롱슬리브_차콜,https://www.musinsa.com/products/6979573,5,10,https://cgraphy.diskn.com/KIIMUIR/2026/26FW/KBFMF0101CH/05.jpg,"의심(작음 1,003B)"
6979573,[크롭] 와플 후드 롱슬리브_차콜,https://www.musinsa.com/products/6979573,5,10,https://cgraphy.diskn.com/KIIMUIR/2026/26FW/KBFMF0101CH/06.jpg,"의심(작음 1,003B)"
6979575,[크롭] 와플 후드 롱슬리브_애쉬블루,https://www.musinsa.com/products/6979575,5,10,https://cgraphy.diskn.com/KIIMUIR/2026/26FW/KBFMF0101AB/02.jpg,"의심(작음 1,003B)"
6979575,[크롭] 와플 후드 롱슬리브_애쉬블루,https://www.musinsa.com/products/6979575,5,10,https://cgraphy.diskn.com/KIIMUIR/2026/26FW/KBFMF0101AB/03.jpg,"의심(작음 1,003B)"
6979575,[크롭] 와플 후드 롱슬리브_애쉬블루,https://www.musinsa.com/products/6979575,5,10,https://cgraphy.diskn.com/KIIMUIR/2026/26FW/KBFMF0101AB/04.jpg,"의심(작음 1,003B)"
6979575,[크롭] 와플 후드 롱슬리브_애쉬블루,https://www.musinsa.com/products/6979575,5,10,https://cgraphy.diskn.com/KIIMUIR/2026/26FW/KBFMF0101AB/05.jpg,"의심(작음 1,003B)"
6979575,[크롭] 와플 후드 롱슬리브_애쉬블루,https://www.musinsa.com/products/6979575,5,10,https://cgraphy.diskn.com/KIIMUIR/2026/26FW/KBFMF0101AB/06.jpg,"의심(작음 1,003B)"
6980188,울(WOOL) 트러커 자켓_블랙,https://www.musinsa.com/products/6980188,5,10,https://cgraphy.diskn.com/KIIMUIR/2026/26FW/KBFMF0211BK/02.jpg,"의심(작음 1,003B)"
6980188,울(WOOL) 트러커 자켓_블랙,https://www.musinsa.com/products/6980188,5,10,https://cgraphy.diskn.com/KIIMUIR/2026/26FW/KBFMF0211BK/03.jpg,"의심(작음 1,003B)"
6980188,울(WOOL) 트러커 자켓_블랙,https://www.musinsa.com/products/6980188,5,10,https://cgraphy.diskn.com/KIIMUIR/2026/26FW/KBFMF0211BK/04.jpg,"의심(작음 1,003B)"
6980188,울(WOOL) 트러커 자켓_블랙,https://www.musinsa.com/products/6980188,5,10,https://cgraphy.diskn.com/KIIMUIR/2026/26FW/KBFMF0211BK/05.jpg,"의심(작음 1,003B)"
6980188,울(WOOL) 트러커 자켓_블랙,https://www.musinsa.com/products/6980188,5,10,https://cgraphy.diskn.com/KIIMUIR/2026/26FW/KBFMF0211BK/06.jpg,"의심(작음 1,003B)"
6980014,[크롭] 울터치 크롭 라운드 니트_딥블루,https://www.musinsa.com/products/6980014,5,10,https://cgraphy.diskn.com/KIIMUIR/2026/26FW/KBFMF0204DL/02.jpg,"의심(작음 1,003B)"
6980014,[크롭] 울터치 크롭 라운드 니트_딥블루,https://www.musinsa.com/products/6980014,5,10,https://cgraphy.diskn.com/KIIMUIR/2026/26FW/KBFMF0204DL/03.jpg,"의심(작음 1,003B)"
6980014,[크롭] 울터치 크롭 라운드 니트_딥블루,https://www.musinsa.com/products/6980014,5,10,https://cgraphy.diskn.com/KIIMUIR/2026/26FW/KBFMF0204DL/04.jpg,"의심(작음 1,003B)"
6980014,[크롭] 울터치 크롭 라운드 니트_딥블루,https://www.musinsa.com/products/6980014,5,10,https://cgraphy.diskn.com/KIIMUIR/2026/26FW/KBFMF0204DL/05.jpg,"의심(작음 1,003B)"
6980014,[크롭] 울터치 크롭 라운드 니트_딥블루,https://www.musinsa.com/products/6980014,5,10,https://cgraphy.diskn.com/KIIMUIR/2026/26FW/KBFMF0204DL/06.jpg,"의심(작음 1,003B)"
5903183,슬림 웨스턴 아일렛 벨트_블랙,https://www.musinsa.com/products/5903183,5,11,https://cgraphy.diskn.com/KIIMUIR/2026/26SS/KBFSUAB003BK/02.jpg,의심(작음 585B)
5903183,슬림 웨스턴 아일렛 벨트_블랙,https://www.musinsa.com/products/5903183,5,11,https://cgraphy.diskn.com/KIIMUIR/2026/26SS/KBFSUAB003BK/03.jpg,의심(작음 585B)
5903183,슬림 웨스턴 아일렛 벨트_블랙,https://www.musinsa.com/products/5903183,5,11,https://cgraphy.diskn.com/KIIMUIR/2026/26SS/KBFSUAB003BK/04.jpg,의심(작음 585B)
5903183,슬림 웨스턴 아일렛 벨트_블랙,https://www.musinsa.com/products/5903183,5,11,https://cgraphy.diskn.com/KIIMUIR/2026/26SS/KBFSUAB003BK/06.jpg,의심(작음 585B)
5903183,슬림 웨스턴 아일렛 벨트_블랙,https://www.musinsa.com/products/5903183,5,11,https://cgraphy.diskn.com/KIIMUIR/2026/26SS/KBFSUAB003BK/09.jpg,"의심(작음 3,747B)"
2996683,울(WOOL) 헤링턴 자켓_블랙,https://www.musinsa.com/products/2996683,5,10,https://cgraphy.diskn.com/KIIMUIR/2026/26FW/KBFMF0210BK/02.jpg,"의심(작음 1,003B)"
2996683,울(WOOL) 헤링턴 자켓_블랙,https://www.musinsa.com/products/2996683,5,10,https://cgraphy.diskn.com/KIIMUIR/2026/26FW/KBFMF0210BK/03.jpg,"의심(작음 1,003B)"
2996683,울(WOOL) 헤링턴 자켓_블랙,https://www.musinsa.com/products/2996683,5,10,https://cgraphy.diskn.com/KIIMUIR/2026/26FW/KBFMF0210BK/04.jpg,"의심(작음 1,003B)"
2996683,울(WOOL) 헤링턴 자켓_블랙,https://www.musinsa.com/products/2996683,5,10,https://cgraphy.diskn.com/KIIMUIR/2026/26FW/KBFMF0210BK/05.jpg,"의심(작음 1,003B)"
2996683,울(WOOL) 헤링턴 자켓_블랙,https://www.musinsa.com/products/2996683,5,10,https://cgraphy.diskn.com/KIIMUIR/2026/26FW/KBFMF0210BK/06.jpg,"의심(작음 1,003B)"
6154834,[크롭] 쿨터치 헨리넥 하프 니트_블랙,https://www.musinsa.com/products/6154834,5,11,https://cgraphy.diskn.com/KIIMUIR/2026/26SS/KBFUUKS003BK/02.jpg,"의심(작음 3,747B)"
6154834,[크롭] 쿨터치 헨리넥 하프 니트_블랙,https://www.musinsa.com/products/6154834,5,11,https://cgraphy.diskn.com/KIIMUIR/2026/26SS/KBFUUKS003BK/03.jpg,"의심(작음 3,747B)"
6154834,[크롭] 쿨터치 헨리넥 하프 니트_블랙,https://www.musinsa.com/products/6154834,5,11,https://cgraphy.diskn.com/KIIMUIR/2026/26SS/KBFUUKS003BK/04.jpg,"의심(작음 3,747B)"
6154834,[크롭] 쿨터치 헨리넥 하프 니트_블랙,https://www.musinsa.com/products/6154834,5,11,https://cgraphy.diskn.com/KIIMUIR/2026/26SS/KBFUUKS003BK/06.jpg,"의심(작음 3,747B)"
6154834,[크롭] 쿨터치 헨리넥 하프 니트_블랙,https://www.musinsa.com/products/6154834,5,11,https://cgraphy.diskn.com/KIIMUIR/2026/26SS/KBFUUKS003BK/09.jpg,"의심(작음 3,747B)"
6154767,[크롭] 피그먼트 포켓 크롭 반팔 티셔츠_차콜,https://www.musinsa.com/products/6154767,5,11,https://cgraphy.diskn.com/KIIMUIR/2026/26SS/KBFUUTS005CH/02.jpg,"의심(작음 3,747B)"
6154767,[크롭] 피그먼트 포켓 크롭 반팔 티셔츠_차콜,https://www.musinsa.com/products/6154767,5,11,https://cgraphy.diskn.com/KIIMUIR/2026/26SS/KBFUUTS005CH/03.jpg,"의심(작음 3,747B)"
6154767,[크롭] 피그먼트 포켓 크롭 반팔 티셔츠_차콜,https://www.musinsa.com/products/6154767,5,11,https://cgraphy.diskn.com/KIIMUIR/2026/26SS/KBFUUTS005CH/04.jpg,"의심(작음 3,747B)"
6154767,[크롭] 피그먼트 포켓 크롭 반팔 티셔츠_차콜,https://www.musinsa.com/products/6154767,5,11,https://cgraphy.diskn.com/KIIMUIR/2026/26SS/KBFUUTS005CH/06.jpg,"의심(작음 3,747B)"
6154767,[크롭] 피그먼트 포켓 크롭 반팔 티셔츠_차콜,https://www.musinsa.com/products/6154767,5,11,https://cgraphy.diskn.com/KIIMUIR/2026/26SS/KBFUUTS005CH/09.jpg,"의심(작음 3,747B)"
6156278,[크롭] 구아야베라 오픈 카라 크롭 셔츠_브라운 [나시 선택],https://www.musinsa.com/products/6156278,5,11,https://cgraphy.diskn.com/KIIMUIR/2026/26SS/KBFUUSH004BR/02.jpg,"의심(작음 3,747B)"
6156278,[크롭] 구아야베라 오픈 카라 크롭 셔츠_브라운 [나시 선택],https://www.musinsa.com/products/6156278,5,11,https://cgraphy.diskn.com/KIIMUIR/2026/26SS/KBFUUSH004BR/03.jpg,"의심(작음 3,747B)"
6156278,[크롭] 구아야베라 오픈 카라 크롭 셔츠_브라운 [나시 선택],https://www.musinsa.com/products/6156278,5,11,https://cgraphy.diskn.com/KIIMUIR/2026/26SS/KBFUUSH004BR/04.jpg,"의심(작음 3,747B)"
6156278,[크롭] 구아야베라 오픈 카라 크롭 셔츠_브라운 [나시 선택],https://www.musinsa.com/products/6156278,5,11,https://cgraphy.diskn.com/KIIMUIR/2026/26SS/KBFUUSH004BR/06.jpg,"의심(작음 3,747B)"
6156278,[크롭] 구아야베라 오픈 카라 크롭 셔츠_브라운 [나시 선택],https://www.musinsa.com/products/6156278,5,11,https://cgraphy.diskn.com/KIIMUIR/2026/26SS/KBFUUSH004BR/09.jpg,"의심(작음 3,747B)"
6154688,[크롭] 구아야베라 오픈 카라 셔츠_화이트 [나시 선택],https://www.musinsa.com/products/6154688,5,11,https://cgraphy.diskn.com/KIIMUIR/2026/26SS/KBFUUSH004WH/02.jpg,"의심(작음 3,747B)"
6154688,[크롭] 구아야베라 오픈 카라 셔츠_화이트 [나시 선택],https://www.musinsa.com/products/6154688,5,11,https://cgraphy.diskn.com/KIIMUIR/2026/26SS/KBFUUSH004WH/03.jpg,"의심(작음 3,747B)"
6154688,[크롭] 구아야베라 오픈 카라 셔츠_화이트 [나시 선택],https://www.musinsa.com/products/6154688,5,11,https://cgraphy.diskn.com/KIIMUIR/2026/26SS/KBFUUSH004WH/04.jpg,"의심(작음 3,747B)"
6154688,[크롭] 구아야베라 오픈 카라 셔츠_화이트 [나시 선택],https://www.musinsa.com/products/6154688,5,11,https://cgraphy.diskn.com/KIIMUIR/2026/26SS/KBFUUSH004WH/06.jpg,"의심(작음 3,747B)"
6154688,[크롭] 구아야베라 오픈 카라 셔츠_화이트 [나시 선택],https://www.musinsa.com/products/6154688,5,11,https://cgraphy.diskn.com/KIIMUIR/2026/26SS/KBFUUSH004WH/09.jpg,"의심(작음 3,747B)"
6154685,[크롭] 데님 반팔 셔츠_블랙 [나시 선택],https://www.musinsa.com/products/6154685,5,11,https://cgraphy.diskn.com/KIIMUIR/2026/26SS/KBFUUDH001BK/02.jpg,"의심(작음 3,747B)"
6154685,[크롭] 데님 반팔 셔츠_블랙 [나시 선택],https://www.musinsa.com/products/6154685,5,11,https://cgraphy.diskn.com/KIIMUIR/2026/26SS/KBFUUDH001BK/03.jpg,"의심(작음 3,747B)"
6154685,[크롭] 데님 반팔 셔츠_블랙 [나시 선택],https://www.musinsa.com/products/6154685,5,11,https://cgraphy.diskn.com/KIIMUIR/2026/26SS/KBFUUDH001BK/04.jpg,"의심(작음 3,747B)"
6154685,[크롭] 데님 반팔 셔츠_블랙 [나시 선택],https://www.musinsa.com/products/6154685,5,11,https://cgraphy.diskn.com/KIIMUIR/2026/26SS/KBFUUDH001BK/06.jpg,"의심(작음 3,747B)"
6154685,[크롭] 데님 반팔 셔츠_블랙 [나시 선택],https://www.musinsa.com/products/6154685,5,11,https://cgraphy.diskn.com/KIIMUIR/2026/26SS/KBFUUDH001BK/09.jpg,"의심(작음 3,747B)"
6980119,[크롭] 데님 트러커 자켓_블랙,https://www.musinsa.com/products/6980119,5,10,https://cgraphy.diskn.com/KIIMUIR/2026/26FW/KBFMF0201BK/02.jpg,"의심(작음 1,003B)"
6980119,[크롭] 데님 트러커 자켓_블랙,https://www.musinsa.com/products/6980119,5,10,https://cgraphy.diskn.com/KIIMUIR/2026/26FW/KBFMF0201BK/03.jpg,"의심(작음 1,003B)"
6980119,[크롭] 데님 트러커 자켓_블랙,https://www.musinsa.com/products/6980119,5,10,https://cgraphy.diskn.com/KIIMUIR/2026/26FW/KBFMF0201BK/04.jpg,"의심(작음 1,003B)"
6980119,[크롭] 데님 트러커 자켓_블랙,https://www.musinsa.com/products/6980119,5,10,https://cgraphy.diskn.com/KIIMUIR/2026/26FW/KBFMF0201BK/05.jpg,"의심(작음 1,003B)"
6980119,[크롭] 데님 트러커 자켓_블랙,https://www.musinsa.com/products/6980119,5,10,https://cgraphy.diskn.com/KIIMUIR/2026/26FW/KBFMF0201BK/06.jpg,"의심(작음 1,003B)"
6156275,[크롭] 구아야베라 오픈 카라 크롭 셔츠_차콜 [나시 선택],https://www.musinsa.com/products/6156275,5,11,https://cgraphy.diskn.com/KIIMUIR/2026/26SS/KBFUUSH004CH/02.jpg,"의심(작음 3,747B)"
6156275,[크롭] 구아야베라 오픈 카라 크롭 셔츠_차콜 [나시 선택],https://www.musinsa.com/products/6156275,5,11,https://cgraphy.diskn.com/KIIMUIR/2026/26SS/KBFUUSH004CH/03.jpg,"의심(작음 3,747B)"
6156275,[크롭] 구아야베라 오픈 카라 크롭 셔츠_차콜 [나시 선택],https://www.musinsa.com/products/6156275,5,11,https://cgraphy.diskn.com/KIIMUIR/2026/26SS/KBFUUSH004CH/04.jpg,"의심(작음 3,747B)"
6156275,[크롭] 구아야베라 오픈 카라 크롭 셔츠_차콜 [나시 선택],https://www.musinsa.com/products/6156275,5,11,https://cgraphy.diskn.com/KIIMUIR/2026/26SS/KBFUUSH004CH/06.jpg,"의심(작음 3,747B)"
6156275,[크롭] 구아야베라 오픈 카라 크롭 셔츠_차콜 [나시 선택],https://www.musinsa.com/products/6156275,5,11,https://cgraphy.diskn.com/KIIMUIR/2026/26SS/KBFUUSH004CH/09.jpg,"의심(작음 3,747B)"
6104838,비즈 체인 키링_블랙,https://www.musinsa.com/products/6104838,5,11,https://cgraphy.diskn.com/KIIMUIR/2026/26SS/KBFSUAA001BK/02.jpg,의심(작음 585B)
6104838,비즈 체인 키링_블랙,https://www.musinsa.com/products/6104838,5,11,https://cgraphy.diskn.com/KIIMUIR/2026/26SS/KBFSUAA001BK/03.jpg,의심(작음 585B)
6104838,비즈 체인 키링_블랙,https://www.musinsa.com/products/6104838,5,11,https://cgraphy.diskn.com/KIIMUIR/2026/26SS/KBFSUAA001BK/04.jpg,의심(작음 585B)
6104838,비즈 체인 키링_블랙,https://www.musinsa.com/products/6104838,5,11,https://cgraphy.diskn.com/KIIMUIR/2026/26SS/KBFSUAA001BK/06.jpg,의심(작음 585B)
6104838,비즈 체인 키링_블랙,https://www.musinsa.com/products/6104838,5,11,https://cgraphy.diskn.com/KIIMUIR/2026/26SS/KBFSUAA001BK/09.jpg,"의심(작음 3,747B)"
4699681,빈티지 스트라이프 롱슬리브_네이비,https://www.musinsa.com/products/4699681,5,10,https://cgraphy.diskn.com/KIIMUIR/2026/26FW/KBFMF0114NY/02.jpg,"의심(작음 1,003B)"
4699681,빈티지 스트라이프 롱슬리브_네이비,https://www.musinsa.com/products/4699681,5,10,https://cgraphy.diskn.com/KIIMUIR/2026/26FW/KBFMF0114NY/03.jpg,"의심(작음 1,003B)"
4699681,빈티지 스트라이프 롱슬리브_네이비,https://www.musinsa.com/products/4699681,5,10,https://cgraphy.diskn.com/KIIMUIR/2026/26FW/KBFMF0114NY/04.jpg,"의심(작음 1,003B)"
4699681,빈티지 스트라이프 롱슬리브_네이비,https://www.musinsa.com/products/4699681,5,10,https://cgraphy.diskn.com/KIIMUIR/2026/26FW/KBFMF0114NY/05.jpg,"의심(작음 1,003B)"
4699681,빈티지 스트라이프 롱슬리브_네이비,https://www.musinsa.com/products/4699681,5,10,https://cgraphy.diskn.com/KIIMUIR/2026/26FW/KBFMF0114NY/06.jpg,"의심(작음 1,003B)"
4699682,빈티지 스트라이프 롱슬리브_차콜,https://www.musinsa.com/products/4699682,5,10,https://cgraphy.diskn.com/KIIMUIR/2026/26FW/KBFMF0114CH/02.jpg,"의심(작음 1,003B)"
4699682,빈티지 스트라이프 롱슬리브_차콜,https://www.musinsa.com/products/4699682,5,10,https://cgraphy.diskn.com/KIIMUIR/2026/26FW/KBFMF0114CH/03.jpg,"의심(작음 1,003B)"
4699682,빈티지 스트라이프 롱슬리브_차콜,https://www.musinsa.com/products/4699682,5,10,https://cgraphy.diskn.com/KIIMUIR/2026/26FW/KBFMF0114CH/04.jpg,"의심(작음 1,003B)"
4699682,빈티지 스트라이프 롱슬리브_차콜,https://www.musinsa.com/products/4699682,5,10,https://cgraphy.diskn.com/KIIMUIR/2026/26FW/KBFMF0114CH/05.jpg,"의심(작음 1,003B)"
4699682,빈티지 스트라이프 롱슬리브_차콜,https://www.musinsa.com/products/4699682,5,10,https://cgraphy.diskn.com/KIIMUIR/2026/26FW/KBFMF0114CH/06.jpg,"의심(작음 1,003B)"
5903184,슬림 웨스턴 아일렛 벨트_브라운,https://www.musinsa.com/products/5903184,5,11,https://cgraphy.diskn.com/KIIMUIR/2026/26SS/KBFSUAB003BR/02.jpg,의심(작음 585B)
5903184,슬림 웨스턴 아일렛 벨트_브라운,https://www.musinsa.com/products/5903184,5,11,https://cgraphy.diskn.com/KIIMUIR/2026/26SS/KBFSUAB003BR/03.jpg,의심(작음 585B)
5903184,슬림 웨스턴 아일렛 벨트_브라운,https://www.musinsa.com/products/5903184,5,11,https://cgraphy.diskn.com/KIIMUIR/2026/26SS/KBFSUAB003BR/04.jpg,의심(작음 585B)
5903184,슬림 웨스턴 아일렛 벨트_브라운,https://www.musinsa.com/products/5903184,5,11,https://cgraphy.diskn.com/KIIMUIR/2026/26SS/KBFSUAB003BR/06.jpg,의심(작음 585B)
5903184,슬림 웨스턴 아일렛 벨트_브라운,https://www.musinsa.com/products/5903184,5,11,https://cgraphy.diskn.com/KIIMUIR/2026/26SS/KBFSUAB003BR/09.jpg,"의심(작음 3,747B)"
6154829,[크롭] 쿨터치 헨리넥 하프 니트_네이비,https://www.musinsa.com/products/6154829,5,11,https://cgraphy.diskn.com/KIIMUIR/2026/26SS/KBFUUKS003NY/02.jpg,"의심(작음 3,747B)"
6154829,[크롭] 쿨터치 헨리넥 하프 니트_네이비,https://www.musinsa.com/products/6154829,5,11,https://cgraphy.diskn.com/KIIMUIR/2026/26SS/KBFUUKS003NY/03.jpg,"의심(작음 3,747B)"
6154829,[크롭] 쿨터치 헨리넥 하프 니트_네이비,https://www.musinsa.com/products/6154829,5,11,https://cgraphy.diskn.com/KIIMUIR/2026/26SS/KBFUUKS003NY/04.jpg,"의심(작음 3,747B)"
6154829,[크롭] 쿨터치 헨리넥 하프 니트_네이비,https://www.musinsa.com/products/6154829,5,11,https://cgraphy.diskn.com/KIIMUIR/2026/26SS/KBFUUKS003NY/06.jpg,"의심(작음 3,747B)"
6154829,[크롭] 쿨터치 헨리넥 하프 니트_네이비,https://www.musinsa.com/products/6154829,5,11,https://cgraphy.diskn.com/KIIMUIR/2026/26SS/KBFUUKS003NY/09.jpg,"의심(작음 3,747B)"
6154769,[크롭] 피그먼트 포켓 크롭 반팔 티셔츠_그레이쉬 베이지,https://www.musinsa.com/products/6154769,5,11,https://cgraphy.diskn.com/KIIMUIR/2026/26SS/KBFUUTS005GB/02.jpg,"의심(작음 3,747B)"
6154769,[크롭] 피그먼트 포켓 크롭 반팔 티셔츠_그레이쉬 베이지,https://www.musinsa.com/products/6154769,5,11,https://cgraphy.diskn.com/KIIMUIR/2026/26SS/KBFUUTS005GB/03.jpg,"의심(작음 3,747B)"
6154769,[크롭] 피그먼트 포켓 크롭 반팔 티셔츠_그레이쉬 베이지,https://www.musinsa.com/products/6154769,5,11,https://cgraphy.diskn.com/KIIMUIR/2026/26SS/KBFUUTS005GB/04.jpg,"의심(작음 3,747B)"
6154769,[크롭] 피그먼트 포켓 크롭 반팔 티셔츠_그레이쉬 베이지,https://www.musinsa.com/products/6154769,5,11,https://cgraphy.diskn.com/KIIMUIR/2026/26SS/KBFUUTS005GB/06.jpg,"의심(작음 3,747B)"
6154769,[크롭] 피그먼트 포켓 크롭 반팔 티셔츠_그레이쉬 베이지,https://www.musinsa.com/products/6154769,5,11,https://cgraphy.diskn.com/KIIMUIR/2026/26SS/KBFUUTS005GB/09.jpg,"의심(작음 3,747B)"
6154837,[크롭] 쿨터치 헨리넥 하프 니트_카키,https://www.musinsa.com/products/6154837,5,11,https://cgraphy.diskn.com/KIIMUIR/2026/26SS/KBFUUKS003KK/02.jpg,"의심(작음 3,747B)"
6154837,[크롭] 쿨터치 헨리넥 하프 니트_카키,https://www.musinsa.com/products/6154837,5,11,https://cgraphy.diskn.com/KIIMUIR/2026/26SS/KBFUUKS003KK/03.jpg,"의심(작음 3,747B)"
6154837,[크롭] 쿨터치 헨리넥 하프 니트_카키,https://www.musinsa.com/products/6154837,5,11,https://cgraphy.diskn.com/KIIMUIR/2026/26SS/KBFUUKS003KK/04.jpg,"의심(작음 3,747B)"
6154837,[크롭] 쿨터치 헨리넥 하프 니트_카키,https://www.musinsa.com/products/6154837,5,11,https://cgraphy.diskn.com/KIIMUIR/2026/26SS/KBFUUKS003KK/06.jpg,"의심(작음 3,747B)"
6154837,[크롭] 쿨터치 헨리넥 하프 니트_카키,https://www.musinsa.com/products/6154837,5,11,https://cgraphy.diskn.com/KIIMUIR/2026/26SS/KBFUUKS003KK/09.jpg,"의심(작음 3,747B)"
5318934,스트라이프 데님 워크 자켓_블랙,https://www.musinsa.com/products/5318934,5,11,https://cgraphy.diskn.com/KIIMUIR/2026/26SS/KBEFUDJ011BK/02.jpg,의심(작음 585B)
5318934,스트라이프 데님 워크 자켓_블랙,https://www.musinsa.com/products/5318934,5,11,https://cgraphy.diskn.com/KIIMUIR/2026/26SS/KBEFUDJ011BK/03.jpg,의심(작음 585B)
5318934,스트라이프 데님 워크 자켓_블랙,https://www.musinsa.com/products/5318934,5,11,https://cgraphy.diskn.com/KIIMUIR/2026/26SS/KBEFUDJ011BK/04.jpg,의심(작음 585B)
5318934,스트라이프 데님 워크 자켓_블랙,https://www.musinsa.com/products/5318934,5,11,https://cgraphy.diskn.com/KIIMUIR/2026/26SS/KBEFUDJ011BK/06.jpg,의심(작음 585B)
5318934,스트라이프 데님 워크 자켓_블랙,https://www.musinsa.com/products/5318934,5,11,https://cgraphy.diskn.com/KIIMUIR/2026/26SS/KBEFUDJ011BK/09.jpg,"의심(작음 3,747B)"
5902945,리버시블 체크 헤링턴 점퍼_브라운,https://www.musinsa.com/products/5902945,5,11,https://cgraphy.diskn.com/KIIMUIR/2026/26SS/KBEFUJP004BR/02.jpg,의심(작음 585B)
5902945,리버시블 체크 헤링턴 점퍼_브라운,https://www.musinsa.com/products/5902945,5,11,https://cgraphy.diskn.com/KIIMUIR/2026/26SS/KBEFUJP004BR/03.jpg,의심(작음 585B)
5902945,리버시블 체크 헤링턴 점퍼_브라운,https://www.musinsa.com/products/5902945,5,11,https://cgraphy.diskn.com/KIIMUIR/2026/26SS/KBEFUJP004BR/04.jpg,의심(작음 585B)
5902945,리버시블 체크 헤링턴 점퍼_브라운,https://www.musinsa.com/products/5902945,5,11,https://cgraphy.diskn.com/KIIMUIR/2026/26SS/KBEFUJP004BR/06.jpg,의심(작음 585B)
5902945,리버시블 체크 헤링턴 점퍼_브라운,https://www.musinsa.com/products/5902945,5,11,https://cgraphy.diskn.com/KIIMUIR/2026/26SS/KBEFUJP004BR/09.jpg,"의심(작음 3,747B)"
6979522,커브드 카고 코튼 팬츠_블랙 [벨트/키링 선택],https://www.musinsa.com/products/6979522,4,10,https://cgraphy.diskn.com/KIIMUIR/2026/26FW/KBFMF0106BK/02.jpg,"의심(작음 1,003B)"
6979522,커브드 카고 코튼 팬츠_블랙 [벨트/키링 선택],https://www.musinsa.com/products/6979522,4,10,https://cgraphy.diskn.com/KIIMUIR/2026/26FW/KBFMF0106BK/03.jpg,"의심(작음 1,003B)"
6979522,커브드 카고 코튼 팬츠_블랙 [벨트/키링 선택],https://www.musinsa.com/products/6979522,4,10,https://cgraphy.diskn.com/KIIMUIR/2026/26FW/KBFMF0106BK/04.jpg,"의심(작음 1,003B)"
6979522,커브드 카고 코튼 팬츠_블랙 [벨트/키링 선택],https://www.musinsa.com/products/6979522,4,10,https://cgraphy.diskn.com/KIIMUIR/2026/26FW/KBFMF0106BK/06.jpg,"의심(작음 1,003B)"
6979608,[크롭] 라이트 후드 집업_퍼플 [레이어드티 선택],https://www.musinsa.com/products/6979608,4,10,https://cgraphy.diskn.com/KIIMUIR/2026/26FW/KBFMF0117PP/02.jpg,"의심(작음 1,003B)"
6979608,[크롭] 라이트 후드 집업_퍼플 [레이어드티 선택],https://www.musinsa.com/products/6979608,4,10,https://cgraphy.diskn.com/KIIMUIR/2026/26FW/KBFMF0117PP/03.jpg,"의심(작음 1,003B)"
6979608,[크롭] 라이트 후드 집업_퍼플 [레이어드티 선택],https://www.musinsa.com/products/6979608,4,10,https://cgraphy.diskn.com/KIIMUIR/2026/26FW/KBFMF0117PP/04.jpg,"의심(작음 1,003B)"
6979608,[크롭] 라이트 후드 집업_퍼플 [레이어드티 선택],https://www.musinsa.com/products/6979608,4,10,https://cgraphy.diskn.com/KIIMUIR/2026/26FW/KBFMF0117PP/06.jpg,"의심(작음 1,003B)"
6979524,커브드 카고 코튼 팬츠_베이지 [벨트/키링 선택],https://www.musinsa.com/products/6979524,4,10,https://cgraphy.diskn.com/KIIMUIR/2026/26FW/KBFMF0106BE/02.jpg,"의심(작음 1,003B)"
6979524,커브드 카고 코튼 팬츠_베이지 [벨트/키링 선택],https://www.musinsa.com/products/6979524,4,10,https://cgraphy.diskn.com/KIIMUIR/2026/26FW/KBFMF0106BE/03.jpg,"의심(작음 1,003B)"
6979524,커브드 카고 코튼 팬츠_베이지 [벨트/키링 선택],https://www.musinsa.com/products/6979524,4,10,https://cgraphy.diskn.com/KIIMUIR/2026/26FW/KBFMF0106BE/04.jpg,"의심(작음 1,003B)"
6979524,커브드 카고 코튼 팬츠_베이지 [벨트/키링 선택],https://www.musinsa.com/products/6979524,4,10,https://cgraphy.diskn.com/KIIMUIR/2026/26FW/KBFMF0106BE/06.jpg,"의심(작음 1,003B)"
6979482,커브드 생지 데님 팬츠_뉴 인디고 [벨트/키링 선택],https://www.musinsa.com/products/6979482,4,10,https://cgraphy.diskn.com/KIIMUIR/2026/26FW/KBFMF0109IN/02.jpg,"의심(작음 1,003B)"
6979482,커브드 생지 데님 팬츠_뉴 인디고 [벨트/키링 선택],https://www.musinsa.com/products/6979482,4,10,https://cgraphy.diskn.com/KIIMUIR/2026/26FW/KBFMF0109IN/03.jpg,"의심(작음 1,003B)"
6979482,커브드 생지 데님 팬츠_뉴 인디고 [벨트/키링 선택],https://www.musinsa.com/products/6979482,4,10,https://cgraphy.diskn.com/KIIMUIR/2026/26FW/KBFMF0109IN/04.jpg,"의심(작음 1,003B)"
6979482,커브드 생지 데님 팬츠_뉴 인디고 [벨트/키링 선택],https://www.musinsa.com/products/6979482,4,10,https://cgraphy.diskn.com/KIIMUIR/2026/26FW/KBFMF0109IN/06.jpg,"의심(작음 1,003B)"
6979610,[크롭] 라이트 후드 집업_네이비 [레이어드티 선택],https://www.musinsa.com/products/6979610,4,10,https://cgraphy.diskn.com/KIIMUIR/2026/26FW/KBFMF0117NY/02.jpg,"의심(작음 1,003B)"
6979610,[크롭] 라이트 후드 집업_네이비 [레이어드티 선택],https://www.musinsa.com/products/6979610,4,10,https://cgraphy.diskn.com/KIIMUIR/2026/26FW/KBFMF0117NY/03.jpg,"의심(작음 1,003B)"
6979610,[크롭] 라이트 후드 집업_네이비 [레이어드티 선택],https://www.musinsa.com/products/6979610,4,10,https://cgraphy.diskn.com/KIIMUIR/2026/26FW/KBFMF0117NY/04.jpg,"의심(작음 1,003B)"
6979610,[크롭] 라이트 후드 집업_네이비 [레이어드티 선택],https://www.musinsa.com/products/6979610,4,10,https://cgraphy.diskn.com/KIIMUIR/2026/26FW/KBFMF0117NY/06.jpg,"의심(작음 1,003B)"
6979506,커브드 라인 코튼 팬츠_차콜 [벨트/키링 선택],https://www.musinsa.com/products/6979506,4,10,https://cgraphy.diskn.com/KIIMUIR/2026/26FW/KBFMF0108CH/02.jpg,"의심(작음 1,003B)"
6979506,커브드 라인 코튼 팬츠_차콜 [벨트/키링 선택],https://www.musinsa.com/products/6979506,4,10,https://cgraphy.diskn.com/KIIMUIR/2026/26FW/KBFMF0108CH/03.jpg,"의심(작음 1,003B)"
6979506,커브드 라인 코튼 팬츠_차콜 [벨트/키링 선택],https://www.musinsa.com/products/6979506,4,10,https://cgraphy.diskn.com/KIIMUIR/2026/26FW/KBFMF0108CH/04.jpg,"의심(작음 1,003B)"
6979506,커브드 라인 코튼 팬츠_차콜 [벨트/키링 선택],https://www.musinsa.com/products/6979506,4,10,https://cgraphy.diskn.com/KIIMUIR/2026/26FW/KBFMF0108CH/06.jpg,"의심(작음 1,003B)"
6979480,커브드 생지 데님 팬츠_블랙 데님 [벨트/키링 선택],https://www.musinsa.com/products/6979480,4,10,https://cgraphy.diskn.com/KIIMUIR/2026/26FW/KBFMF0109BM/02.jpg,"의심(작음 1,003B)"
6979480,커브드 생지 데님 팬츠_블랙 데님 [벨트/키링 선택],https://www.musinsa.com/products/6979480,4,10,https://cgraphy.diskn.com/KIIMUIR/2026/26FW/KBFMF0109BM/03.jpg,"의심(작음 1,003B)"
6979480,커브드 생지 데님 팬츠_블랙 데님 [벨트/키링 선택],https://www.musinsa.com/products/6979480,4,10,https://cgraphy.diskn.com/KIIMUIR/2026/26FW/KBFMF0109BM/04.jpg,"의심(작음 1,003B)"
6979480,커브드 생지 데님 팬츠_블랙 데님 [벨트/키링 선택],https://www.musinsa.com/products/6979480,4,10,https://cgraphy.diskn.com/KIIMUIR/2026/26FW/KBFMF0109BM/06.jpg,"의심(작음 1,003B)"
6154823,[크롭] 스트라이프 레이어드 헨리넥 반팔 티셔츠_차콜,https://www.musinsa.com/products/6154823,4,11,https://gabia-concreteworks.xcache.kinxcdn.com/KIIMUIR/2026/26SS/KBFUUTS014CH/02.jpg,"의심(작음 3,747B)"
6154823,[크롭] 스트라이프 레이어드 헨리넥 반팔 티셔츠_차콜,https://www.musinsa.com/products/6154823,4,11,https://gabia-concreteworks.xcache.kinxcdn.com/KIIMUIR/2026/26SS/KBFUUTS014CH/03.jpg,"의심(작음 3,747B)"
6154823,[크롭] 스트라이프 레이어드 헨리넥 반팔 티셔츠_차콜,https://www.musinsa.com/products/6154823,4,11,https://gabia-concreteworks.xcache.kinxcdn.com/KIIMUIR/2026/26SS/KBFUUTS014CH/04.jpg,"의심(작음 3,747B)"
6154823,[크롭] 스트라이프 레이어드 헨리넥 반팔 티셔츠_차콜,https://www.musinsa.com/products/6154823,4,11,https://gabia-concreteworks.xcache.kinxcdn.com/KIIMUIR/2026/26SS/KBFUUTS014CH/09.jpg,없음(404)
6979612,[크롭] 라이트 후드 집업_차콜 [레이어드티 선택],https://www.musinsa.com/products/6979612,4,10,https://cgraphy.diskn.com/KIIMUIR/2026/26FW/KBFMF0117CH/02.jpg,"의심(작음 1,003B)"
6979612,[크롭] 라이트 후드 집업_차콜 [레이어드티 선택],https://www.musinsa.com/products/6979612,4,10,https://cgraphy.diskn.com/KIIMUIR/2026/26FW/KBFMF0117CH/03.jpg,"의심(작음 1,003B)"
6979612,[크롭] 라이트 후드 집업_차콜 [레이어드티 선택],https://www.musinsa.com/products/6979612,4,10,https://cgraphy.diskn.com/KIIMUIR/2026/26FW/KBFMF0117CH/04.jpg,"의심(작음 1,003B)"
6979612,[크롭] 라이트 후드 집업_차콜 [레이어드티 선택],https://www.musinsa.com/products/6979612,4,10,https://cgraphy.diskn.com/KIIMUIR/2026/26FW/KBFMF0117CH/06.jpg,"의심(작음 1,003B)"
6154816,[크롭] 배색 롤업 크롭 반팔 티셔츠_버건디,https://www.musinsa.com/products/6154816,4,11,https://cgraphy.diskn.com/KIIMUIR/2026/26SS/KBFUUTS013BG/02.jpg,"의심(작음 3,747B)"
6154816,[크롭] 배색 롤업 크롭 반팔 티셔츠_버건디,https://www.musinsa.com/products/6154816,4,11,https://cgraphy.diskn.com/KIIMUIR/2026/26SS/KBFUUTS013BG/03.jpg,의심(작음 585B)
6154816,[크롭] 배색 롤업 크롭 반팔 티셔츠_버건디,https://www.musinsa.com/products/6154816,4,11,https://cgraphy.diskn.com/KIIMUIR/2026/26SS/KBFUUTS013BG/04.jpg,"의심(작음 3,747B)"
6154816,[크롭] 배색 롤업 크롭 반팔 티셔츠_버건디,https://www.musinsa.com/products/6154816,4,11,https://cgraphy.diskn.com/KIIMUIR/2026/26SS/KBFUUTS013BG/09.jpg,"의심(작음 3,747B)"
6154808,[크롭] 배색 롤업 크롭 반팔 티셔츠_블랙,https://www.musinsa.com/products/6154808,4,11,https://cgraphy.diskn.com/KIIMUIR/2026/26SS/KBFUUTS013BK/02.jpg,"의심(작음 3,747B)"
6154808,[크롭] 배색 롤업 크롭 반팔 티셔츠_블랙,https://www.musinsa.com/products/6154808,4,11,https://cgraphy.diskn.com/KIIMUIR/2026/26SS/KBFUUTS013BK/03.jpg,의심(작음 585B)
6154808,[크롭] 배색 롤업 크롭 반팔 티셔츠_블랙,https://www.musinsa.com/products/6154808,4,11,https://cgraphy.diskn.com/KIIMUIR/2026/26SS/KBFUUTS013BK/04.jpg,"의심(작음 3,747B)"
6154808,[크롭] 배색 롤업 크롭 반팔 티셔츠_블랙,https://www.musinsa.com/products/6154808,4,11,https://cgraphy.diskn.com/KIIMUIR/2026/26SS/KBFUUTS013BK/09.jpg,"의심(작음 3,747B)"
5903182,더블 아일렛 웨스턴 벨트_블랙,https://www.musinsa.com/products/5903182,4,11,https://cgraphy.diskn.com/KIIMUIR/2026/26SS/KBFSUAB002BK/02.jpg,의심(작음 585B)
5903182,더블 아일렛 웨스턴 벨트_블랙,https://www.musinsa.com/products/5903182,4,11,https://cgraphy.diskn.com/KIIMUIR/2026/26SS/KBFSUAB002BK/03.jpg,의심(작음 585B)
5903182,더블 아일렛 웨스턴 벨트_블랙,https://www.musinsa.com/products/5903182,4,11,https://cgraphy.diskn.com/KIIMUIR/2026/26SS/KBFSUAB002BK/04.jpg,의심(작음 585B)
5903182,더블 아일렛 웨스턴 벨트_블랙,https://www.musinsa.com/products/5903182,4,11,https://cgraphy.diskn.com/KIIMUIR/2026/26SS/KBFSUAB002BK/09.jpg,"의심(작음 3,747B)"
6154825,[크롭] 스트라이프 레이어드 헨리넥 반팔 티셔츠_멜란지 그레이,https://www.musinsa.com/products/6154825,4,11,https://gabia-concreteworks.xcache.kinxcdn.com/KIIMUIR/2026/26SS/KBFUUTS014MG/02.jpg,"의심(작음 3,747B)"
6154825,[크롭] 스트라이프 레이어드 헨리넥 반팔 티셔츠_멜란지 그레이,https://www.musinsa.com/products/6154825,4,11,https://gabia-concreteworks.xcache.kinxcdn.com/KIIMUIR/2026/26SS/KBFUUTS014MG/03.jpg,"의심(작음 3,747B)"
6154825,[크롭] 스트라이프 레이어드 헨리넥 반팔 티셔츠_멜란지 그레이,https://www.musinsa.com/products/6154825,4,11,https://gabia-concreteworks.xcache.kinxcdn.com/KIIMUIR/2026/26SS/KBFUUTS014MG/04.jpg,"의심(작음 3,747B)"
6154825,[크롭] 스트라이프 레이어드 헨리넥 반팔 티셔츠_멜란지 그레이,https://www.musinsa.com/products/6154825,4,11,https://gabia-concreteworks.xcache.kinxcdn.com/KIIMUIR/2026/26SS/KBFUUTS014MG/09.jpg,없음(404)
6154516,헤링본 코튼 버뮤다 쇼츠_베이지 [벨트/키링 선택],https://www.musinsa.com/products/6154516,4,11,https://cgraphy.diskn.com/KIIMUIR/2026/26SS/KBFUUWT002BE/02.jpg,"의심(작음 3,747B)"
6154516,헤링본 코튼 버뮤다 쇼츠_베이지 [벨트/키링 선택],https://www.musinsa.com/products/6154516,4,11,https://cgraphy.diskn.com/KIIMUIR/2026/26SS/KBFUUWT002BE/03.jpg,"의심(작음 3,747B)"
6154516,헤링본 코튼 버뮤다 쇼츠_베이지 [벨트/키링 선택],https://www.musinsa.com/products/6154516,4,11,https://cgraphy.diskn.com/KIIMUIR/2026/26SS/KBFUUWT002BE/04.jpg,"의심(작음 3,747B)"
6154516,헤링본 코튼 버뮤다 쇼츠_베이지 [벨트/키링 선택],https://www.musinsa.com/products/6154516,4,11,https://cgraphy.diskn.com/KIIMUIR/2026/26SS/KBFUUWT002BE/09.jpg,"의심(작음 3,747B)"
6154819,[크롭] 스트라이프 레이어드 헨리넥 반팔 티셔츠_블랙,https://www.musinsa.com/products/6154819,4,11,https://gabia-concreteworks.xcache.kinxcdn.com/KIIMUIR/2026/26SS/KBFUUTS014BK/02.jpg,"의심(작음 3,747B)"
6154819,[크롭] 스트라이프 레이어드 헨리넥 반팔 티셔츠_블랙,https://www.musinsa.com/products/6154819,4,11,https://gabia-concreteworks.xcache.kinxcdn.com/KIIMUIR/2026/26SS/KBFUUTS014BK/03.jpg,"의심(작음 3,747B)"
6154819,[크롭] 스트라이프 레이어드 헨리넥 반팔 티셔츠_블랙,https://www.musinsa.com/products/6154819,4,11,https://gabia-concreteworks.xcache.kinxcdn.com/KIIMUIR/2026/26SS/KBFUUTS014BK/04.jpg,"의심(작음 3,747B)"
6154819,[크롭] 스트라이프 레이어드 헨리넥 반팔 티셔츠_블랙,https://www.musinsa.com/products/6154819,4,11,https://gabia-concreteworks.xcache.kinxcdn.com/KIIMUIR/2026/26SS/KBFUUTS014BK/09.jpg,없음(404)
6154762,[크롭] 오프비트 선데이 크롭 반팔 티셔츠_멜란지 그레이,https://www.musinsa.com/products/6154762,4,11,https://cgraphy.diskn.com/KIIMUIR/2026/26SS/KBFUUTS004MG/02.jpg,"의심(작음 3,747B)"
6154762,[크롭] 오프비트 선데이 크롭 반팔 티셔츠_멜란지 그레이,https://www.musinsa.com/products/6154762,4,11,https://cgraphy.diskn.com/KIIMUIR/2026/26SS/KBFUUTS004MG/03.jpg,"의심(작음 3,747B)"
6154762,[크롭] 오프비트 선데이 크롭 반팔 티셔츠_멜란지 그레이,https://www.musinsa.com/products/6154762,4,11,https://cgraphy.diskn.com/KIIMUIR/2026/26SS/KBFUUTS004MG/04.jpg,"의심(작음 3,747B)"
6154762,[크롭] 오프비트 선데이 크롭 반팔 티셔츠_멜란지 그레이,https://www.musinsa.com/products/6154762,4,11,https://cgraphy.diskn.com/KIIMUIR/2026/26SS/KBFUUTS004MG/09.jpg,"의심(작음 3,747B)"
6154799,[크롭] 링거 크롭 반팔 티셔츠_베이지,https://www.musinsa.com/products/6154799,4,11,https://cgraphy.diskn.com/KIIMUIR/2026/26SS/KBFUUTS009BE/02.jpg,의심(작음 585B)
6154799,[크롭] 링거 크롭 반팔 티셔츠_베이지,https://www.musinsa.com/products/6154799,4,11,https://cgraphy.diskn.com/KIIMUIR/2026/26SS/KBFUUTS009BE/03.jpg,의심(작음 585B)
6154799,[크롭] 링거 크롭 반팔 티셔츠_베이지,https://www.musinsa.com/products/6154799,4,11,https://cgraphy.diskn.com/KIIMUIR/2026/26SS/KBFUUTS009BE/04.jpg,의심(작음 585B)
6154799,[크롭] 링거 크롭 반팔 티셔츠_베이지,https://www.musinsa.com/products/6154799,4,11,https://cgraphy.diskn.com/KIIMUIR/2026/26SS/KBFUUTS009BE/09.jpg,"의심(작음 3,747B)"
5318976,스웨이드 바이커 자켓_브라운,https://www.musinsa.com/products/5318976,4,10,https://cgraphy.diskn.com/KIIMUIR/2026/26FW/KBFMF0208BR/02.jpg,"의심(작음 1,003B)"
5318976,스웨이드 바이커 자켓_브라운,https://www.musinsa.com/products/5318976,4,10,https://cgraphy.diskn.com/KIIMUIR/2026/26FW/KBFMF0208BR/03.jpg,"의심(작음 1,003B)"
5318976,스웨이드 바이커 자켓_브라운,https://www.musinsa.com/products/5318976,4,10,https://cgraphy.diskn.com/KIIMUIR/2026/26FW/KBFMF0208BR/04.jpg,"의심(작음 1,003B)"
5318976,스웨이드 바이커 자켓_브라운,https://www.musinsa.com/products/5318976,4,10,https://cgraphy.diskn.com/KIIMUIR/2026/26FW/KBFMF0208BR/05.jpg,"의심(작음 1,003B)"
6154812,[크롭] 배색 롤업 크롭 반팔 티셔츠_멜란지 그레이,https://www.musinsa.com/products/6154812,4,11,https://cgraphy.diskn.com/KIIMUIR/2026/26SS/KBFUUTS013MG/02.jpg,"의심(작음 3,747B)"
6154812,[크롭] 배색 롤업 크롭 반팔 티셔츠_멜란지 그레이,https://www.musinsa.com/products/6154812,4,11,https://cgraphy.diskn.com/KIIMUIR/2026/26SS/KBFUUTS013MG/03.jpg,의심(작음 585B)
6154812,[크롭] 배색 롤업 크롭 반팔 티셔츠_멜란지 그레이,https://www.musinsa.com/products/6154812,4,11,https://cgraphy.diskn.com/KIIMUIR/2026/26SS/KBFUUTS013MG/04.jpg,"의심(작음 3,747B)"
6154812,[크롭] 배색 롤업 크롭 반팔 티셔츠_멜란지 그레이,https://www.musinsa.com/products/6154812,4,11,https://cgraphy.diskn.com/KIIMUIR/2026/26SS/KBFUUTS013MG/09.jpg,"의심(작음 3,747B)"
6154806,[크롭] 배색 롤업 크롭 반팔 티셔츠_화이트,https://www.musinsa.com/products/6154806,4,11,https://cgraphy.diskn.com/KIIMUIR/2026/26SS/KBFUUTS013WH/02.jpg,"의심(작음 3,747B)"
6154806,[크롭] 배색 롤업 크롭 반팔 티셔츠_화이트,https://www.musinsa.com/products/6154806,4,11,https://cgraphy.diskn.com/KIIMUIR/2026/26SS/KBFUUTS013WH/03.jpg,의심(작음 585B)
6154806,[크롭] 배색 롤업 크롭 반팔 티셔츠_화이트,https://www.musinsa.com/products/6154806,4,11,https://cgraphy.diskn.com/KIIMUIR/2026/26SS/KBFUUTS013WH/04.jpg,"의심(작음 3,747B)"
6154806,[크롭] 배색 롤업 크롭 반팔 티셔츠_화이트,https://www.musinsa.com/products/6154806,4,11,https://cgraphy.diskn.com/KIIMUIR/2026/26SS/KBFUUTS013WH/09.jpg,"의심(작음 3,747B)"
6154727,선데이 바이브 반팔 티셔츠_차콜,https://www.musinsa.com/products/6154727,4,11,https://cgraphy.diskn.com/KIIMUIR/2026/26SS/KBFUUTS003CH/02.jpg,"의심(작음 3,747B)"
6154727,선데이 바이브 반팔 티셔츠_차콜,https://www.musinsa.com/products/6154727,4,11,https://cgraphy.diskn.com/KIIMUIR/2026/26SS/KBFUUTS003CH/03.jpg,의심(작음 585B)
6154727,선데이 바이브 반팔 티셔츠_차콜,https://www.musinsa.com/products/6154727,4,11,https://cgraphy.diskn.com/KIIMUIR/2026/26SS/KBFUUTS003CH/04.jpg,"의심(작음 3,747B)"
6154727,선데이 바이브 반팔 티셔츠_차콜,https://www.musinsa.com/products/6154727,4,11,https://cgraphy.diskn.com/KIIMUIR/2026/26SS/KBFUUTS003CH/09.jpg,"의심(작음 3,747B)"
6154794,[크롭] 링거 크롭 반팔 티셔츠_멜란지 그레이,https://www.musinsa.com/products/6154794,4,11,https://cgraphy.diskn.com/KIIMUIR/2026/26SS/KBFUUTS009MG/02.jpg,"의심(작음 3,747B)"
6154794,[크롭] 링거 크롭 반팔 티셔츠_멜란지 그레이,https://www.musinsa.com/products/6154794,4,11,https://cgraphy.diskn.com/KIIMUIR/2026/26SS/KBFUUTS009MG/03.jpg,"의심(작음 3,747B)"
6154794,[크롭] 링거 크롭 반팔 티셔츠_멜란지 그레이,https://www.musinsa.com/products/6154794,4,11,https://cgraphy.diskn.com/KIIMUIR/2026/26SS/KBFUUTS009MG/04.jpg,"의심(작음 3,747B)"
6154794,[크롭] 링거 크롭 반팔 티셔츠_멜란지 그레이,https://www.musinsa.com/products/6154794,4,11,https://cgraphy.diskn.com/KIIMUIR/2026/26SS/KBFUUTS009MG/09.jpg,"의심(작음 3,747B)"
5579011,(우먼) 하이넥 울 롱코트_그레이,https://www.musinsa.com/products/5579011,4,11,https://cgraphy.diskn.com/KIIMUIR/2025/25FW/KBEWWCL002GR/02.jpg,"의심(작음 3,601B)"
5579011,(우먼) 하이넥 울 롱코트_그레이,https://www.musinsa.com/products/5579011,4,11,https://cgraphy.diskn.com/KIIMUIR/2025/25FW/KBEWWCL002GR/04.jpg,"의심(작음 3,601B)"
5579011,(우먼) 하이넥 울 롱코트_그레이,https://www.musinsa.com/products/5579011,4,11,https://cgraphy.diskn.com/KIIMUIR/2025/25FW/KBEWWCL002GR/07.jpg,없음(404)
5579011,(우먼) 하이넥 울 롱코트_그레이,https://www.musinsa.com/products/5579011,4,11,https://cgraphy.diskn.com/KIIMUIR/2025/25FW/KBEWWCL002GR/09.jpg,"의심(작음 3,601B)"
5902944,스웨이드 바이커 자켓_블랙,https://www.musinsa.com/products/5902944,4,10,https://cgraphy.diskn.com/KIIMUIR/2026/26FW/KBFMF0208BK/02.jpg,"의심(작음 1,003B)"
5902944,스웨이드 바이커 자켓_블랙,https://www.musinsa.com/products/5902944,4,10,https://cgraphy.diskn.com/KIIMUIR/2026/26FW/KBFMF0208BK/03.jpg,"의심(작음 1,003B)"
5902944,스웨이드 바이커 자켓_블랙,https://www.musinsa.com/products/5902944,4,10,https://cgraphy.diskn.com/KIIMUIR/2026/26FW/KBFMF0208BK/04.jpg,"의심(작음 1,003B)"
5902944,스웨이드 바이커 자켓_블랙,https://www.musinsa.com/products/5902944,4,10,https://cgraphy.diskn.com/KIIMUIR/2026/26FW/KBFMF0208BK/05.jpg,"의심(작음 1,003B)"
6154520,헤링본 코튼 버뮤다 쇼츠_블랙 [벨트/키링 선택],https://www.musinsa.com/products/6154520,4,11,https://cgraphy.diskn.com/KIIMUIR/2026/26SS/KBFUUWT002BK/02.jpg,"의심(작음 3,747B)"
6154520,헤링본 코튼 버뮤다 쇼츠_블랙 [벨트/키링 선택],https://www.musinsa.com/products/6154520,4,11,https://cgraphy.diskn.com/KIIMUIR/2026/26SS/KBFUUWT002BK/03.jpg,"의심(작음 3,747B)"
6154520,헤링본 코튼 버뮤다 쇼츠_블랙 [벨트/키링 선택],https://www.musinsa.com/products/6154520,4,11,https://cgraphy.diskn.com/KIIMUIR/2026/26SS/KBFUUWT002BK/04.jpg,"의심(작음 3,747B)"
6154520,헤링본 코튼 버뮤다 쇼츠_블랙 [벨트/키링 선택],https://www.musinsa.com/products/6154520,4,11,https://cgraphy.diskn.com/KIIMUIR/2026/26SS/KBFUUWT002BK/09.jpg,"의심(작음 3,747B)"
6154737,선데이 바이브 반팔 티셔츠_아이보리,https://www.musinsa.com/products/6154737,4,11,https://cgraphy.diskn.com/KIIMUIR/2026/26SS/KBFUUTS003IV/02.jpg,"의심(작음 3,747B)"
6154737,선데이 바이브 반팔 티셔츠_아이보리,https://www.musinsa.com/products/6154737,4,11,https://cgraphy.diskn.com/KIIMUIR/2026/26SS/KBFUUTS003IV/03.jpg,의심(작음 585B)
6154737,선데이 바이브 반팔 티셔츠_아이보리,https://www.musinsa.com/products/6154737,4,11,https://cgraphy.diskn.com/KIIMUIR/2026/26SS/KBFUUTS003IV/04.jpg,"의심(작음 3,747B)"
6154737,선데이 바이브 반팔 티셔츠_아이보리,https://www.musinsa.com/products/6154737,4,11,https://cgraphy.diskn.com/KIIMUIR/2026/26SS/KBFUUTS003IV/09.jpg,"의심(작음 3,747B)"
5579010,(우먼) 하이넥 울 롱코트_챠콜,https://www.musinsa.com/products/5579010,4,11,https://cgraphy.diskn.com/KIIMUIR/2025/25FW/KBEWWCL002CH/02.jpg,"의심(작음 3,601B)"
5579010,(우먼) 하이넥 울 롱코트_챠콜,https://www.musinsa.com/products/5579010,4,11,https://cgraphy.diskn.com/KIIMUIR/2025/25FW/KBEWWCL002CH/04.jpg,"의심(작음 3,601B)"
5579010,(우먼) 하이넥 울 롱코트_챠콜,https://www.musinsa.com/products/5579010,4,11,https://cgraphy.diskn.com/KIIMUIR/2025/25FW/KBEWWCL002CH/07.jpg,없음(404)
5579010,(우먼) 하이넥 울 롱코트_챠콜,https://www.musinsa.com/products/5579010,4,11,https://cgraphy.diskn.com/KIIMUIR/2025/25FW/KBEWWCL002CH/09.jpg,"의심(작음 3,601B)"
6154677,[크롭] 크리즈 롤업 체크 반팔 셔츠_차콜 [나시 선택],https://www.musinsa.com/products/6154677,4,11,https://cgraphy.diskn.com/KIIMUIR/2026/26SS/KBFUUSH006CH/02.jpg,"의심(작음 3,747B)"
6154677,[크롭] 크리즈 롤업 체크 반팔 셔츠_차콜 [나시 선택],https://www.musinsa.com/products/6154677,4,11,https://cgraphy.diskn.com/KIIMUIR/2026/26SS/KBFUUSH006CH/03.jpg,"의심(작음 3,747B)"
6154677,[크롭] 크리즈 롤업 체크 반팔 셔츠_차콜 [나시 선택],https://www.musinsa.com/products/6154677,4,11,https://cgraphy.diskn.com/KIIMUIR/2026/26SS/KBFUUSH006CH/04.jpg,"의심(작음 3,747B)"
6154677,[크롭] 크리즈 롤업 체크 반팔 셔츠_차콜 [나시 선택],https://www.musinsa.com/products/6154677,4,11,https://cgraphy.diskn.com/KIIMUIR/2026/26SS/KBFUUSH006CH/09.jpg,"의심(작음 3,747B)"
5903226,크롭 체크 셔츠_브라운,https://www.musinsa.com/products/5903226,4,11,https://cgraphy.diskn.com/KIIMUIR/2026/26SS/KBFSUSH004BR/02.jpg,의심(작음 585B)
5903226,크롭 체크 셔츠_브라운,https://www.musinsa.com/products/5903226,4,11,https://cgraphy.diskn.com/KIIMUIR/2026/26SS/KBFSUSH004BR/04.jpg,의심(작음 585B)
5903226,크롭 체크 셔츠_브라운,https://www.musinsa.com/products/5903226,4,11,https://cgraphy.diskn.com/KIIMUIR/2026/26SS/KBFSUSH004BR/06.jpg,의심(작음 585B)
5903226,크롭 체크 셔츠_브라운,https://www.musinsa.com/products/5903226,4,11,https://cgraphy.diskn.com/KIIMUIR/2026/26SS/KBFSUSH004BR/09.jpg,"의심(작음 3,747B)"
6154788,[크롭] 링거 크롭 반팔 티셔츠_차콜,https://www.musinsa.com/products/6154788,4,11,https://cgraphy.diskn.com/KIIMUIR/2026/26SS/KBFUUTS009CH/02.jpg,의심(작음 585B)
6154788,[크롭] 링거 크롭 반팔 티셔츠_차콜,https://www.musinsa.com/products/6154788,4,11,https://cgraphy.diskn.com/KIIMUIR/2026/26SS/KBFUUTS009CH/03.jpg,의심(작음 585B)
6154788,[크롭] 링거 크롭 반팔 티셔츠_차콜,https://www.musinsa.com/products/6154788,4,11,https://cgraphy.diskn.com/KIIMUIR/2026/26SS/KBFUUTS009CH/04.jpg,의심(작음 585B)
6154788,[크롭] 링거 크롭 반팔 티셔츠_차콜,https://www.musinsa.com/products/6154788,4,11,https://cgraphy.diskn.com/KIIMUIR/2026/26SS/KBFUUTS009CH/09.jpg,"의심(작음 3,747B)"
4679224,울(WOOL) 파이핑 바시티 자켓 DS_그레이,https://www.musinsa.com/products/4679224,4,11,https://cgraphy.diskn.com/KIIMUIR/2025/25FW/KBDSUJK002GR/02.jpg,의심(작음 585B)
4679224,울(WOOL) 파이핑 바시티 자켓 DS_그레이,https://www.musinsa.com/products/4679224,4,11,https://cgraphy.diskn.com/KIIMUIR/2025/25FW/KBDSUJK002GR/03.jpg,의심(작음 585B)
4679224,울(WOOL) 파이핑 바시티 자켓 DS_그레이,https://www.musinsa.com/products/4679224,4,11,https://cgraphy.diskn.com/KIIMUIR/2025/25FW/KBDSUJK002GR/04.jpg,의심(작음 585B)
4679224,울(WOOL) 파이핑 바시티 자켓 DS_그레이,https://www.musinsa.com/products/4679224,4,11,https://cgraphy.diskn.com/KIIMUIR/2025/25FW/KBDSUJK002GR/09.jpg,의심(작음 585B)
6979502,커브드 라인 코튼 팬츠_베이지 [벨트/키링 선택],https://www.musinsa.com/products/6979502,4,10,https://cgraphy.diskn.com/KIIMUIR/2026/26FW/KBFMF0108BE/02.jpg,"의심(작음 1,003B)"
6979502,커브드 라인 코튼 팬츠_베이지 [벨트/키링 선택],https://www.musinsa.com/products/6979502,4,10,https://cgraphy.diskn.com/KIIMUIR/2026/26FW/KBFMF0108BE/03.jpg,"의심(작음 1,003B)"
6979502,커브드 라인 코튼 팬츠_베이지 [벨트/키링 선택],https://www.musinsa.com/products/6979502,4,10,https://cgraphy.diskn.com/KIIMUIR/2026/26FW/KBFMF0108BE/04.jpg,"의심(작음 1,003B)"
6979502,커브드 라인 코튼 팬츠_베이지 [벨트/키링 선택],https://www.musinsa.com/products/6979502,4,10,https://cgraphy.diskn.com/KIIMUIR/2026/26FW/KBFMF0108BE/06.jpg,"의심(작음 1,003B)"
5903156,스트라이프 다잉 후드 집업_버건디,https://www.musinsa.com/products/5903156,4,11,https://cgraphy.diskn.com/KIIMUIR/2026/26SS/KBFSUTC002BG/02.jpg,의심(작음 585B)
5903156,스트라이프 다잉 후드 집업_버건디,https://www.musinsa.com/products/5903156,4,11,https://cgraphy.diskn.com/KIIMUIR/2026/26SS/KBFSUTC002BG/03.jpg,의심(작음 585B)
5903156,스트라이프 다잉 후드 집업_버건디,https://www.musinsa.com/products/5903156,4,11,https://cgraphy.diskn.com/KIIMUIR/2026/26SS/KBFSUTC002BG/04.jpg,의심(작음 585B)
5903156,스트라이프 다잉 후드 집업_버건디,https://www.musinsa.com/products/5903156,4,11,https://cgraphy.diskn.com/KIIMUIR/2026/26SS/KBFSUTC002BG/09.jpg,"의심(작음 3,747B)"
5903155,스트라이프 다잉 후드 집업_차콜,https://www.musinsa.com/products/5903155,4,11,https://cgraphy.diskn.com/KIIMUIR/2026/26SS/KBFSUTC002CH/02.jpg,의심(작음 585B)
5903155,스트라이프 다잉 후드 집업_차콜,https://www.musinsa.com/products/5903155,4,11,https://cgraphy.diskn.com/KIIMUIR/2026/26SS/KBFSUTC002CH/03.jpg,의심(작음 585B)
5903155,스트라이프 다잉 후드 집업_차콜,https://www.musinsa.com/products/5903155,4,11,https://cgraphy.diskn.com/KIIMUIR/2026/26SS/KBFSUTC002CH/04.jpg,의심(작음 585B)
5903155,스트라이프 다잉 후드 집업_차콜,https://www.musinsa.com/products/5903155,4,11,https://cgraphy.diskn.com/KIIMUIR/2026/26SS/KBFSUTC002CH/09.jpg,"의심(작음 3,747B)"
4679225,울(WOOL) 파이핑 바시티 자켓 DS_네이비,https://www.musinsa.com/products/4679225,4,11,https://cgraphy.diskn.com/KIIMUIR/2025/25FW/KBDSUJK002NY/02.jpg,의심(작음 585B)
4679225,울(WOOL) 파이핑 바시티 자켓 DS_네이비,https://www.musinsa.com/products/4679225,4,11,https://cgraphy.diskn.com/KIIMUIR/2025/25FW/KBDSUJK002NY/03.jpg,의심(작음 585B)
4679225,울(WOOL) 파이핑 바시티 자켓 DS_네이비,https://www.musinsa.com/products/4679225,4,11,https://cgraphy.diskn.com/KIIMUIR/2025/25FW/KBDSUJK002NY/04.jpg,의심(작음 585B)
4679225,울(WOOL) 파이핑 바시티 자켓 DS_네이비,https://www.musinsa.com/products/4679225,4,11,https://cgraphy.diskn.com/KIIMUIR/2025/25FW/KBDSUJK002NY/09.jpg,의심(작음 585B)
3633712,울(WOOL) 파이핑 바시티 자켓 CS_네이비,https://www.musinsa.com/products/3633712,4,11,https://cgraphy.diskn.com/KIIMUIR/2025/25FW/KBCS1JK004NY/02.jpg,의심(작음 585B)
3633712,울(WOOL) 파이핑 바시티 자켓 CS_네이비,https://www.musinsa.com/products/3633712,4,11,https://cgraphy.diskn.com/KIIMUIR/2025/25FW/KBCS1JK004NY/03.jpg,의심(작음 585B)
3633712,울(WOOL) 파이핑 바시티 자켓 CS_네이비,https://www.musinsa.com/products/3633712,4,11,https://cgraphy.diskn.com/KIIMUIR/2025/25FW/KBCS1JK004NY/04.jpg,의심(작음 585B)
3633712,울(WOOL) 파이핑 바시티 자켓 CS_네이비,https://www.musinsa.com/products/3633712,4,11,https://cgraphy.diskn.com/KIIMUIR/2025/25FW/KBCS1JK004NY/09.jpg,의심(작음 585B)
5586316,스웨이드 무스탕_카멜,https://www.musinsa.com/products/5586316,4,11,https://cgraphy.diskn.com/KIIMUIR/2025/25FW/KBEWUJP001CM/02.jpg,의심(작음 439B)
5586316,스웨이드 무스탕_카멜,https://www.musinsa.com/products/5586316,4,11,https://cgraphy.diskn.com/KIIMUIR/2025/25FW/KBEWUJP001CM/03.jpg,의심(작음 439B)
5586316,스웨이드 무스탕_카멜,https://www.musinsa.com/products/5586316,4,11,https://cgraphy.diskn.com/KIIMUIR/2025/25FW/KBEWUJP001CM/04.jpg,의심(작음 439B)
5586316,스웨이드 무스탕_카멜,https://www.musinsa.com/products/5586316,4,11,https://cgraphy.diskn.com/KIIMUIR/2025/25FW/KBEWUJP001CM/09.jpg,의심(작음 439B)
4392780,울(WOOL) 파이핑 바시티 자켓 DW_네이비,https://www.musinsa.com/products/4392780,4,11,https://cgraphy.diskn.com/KIIMUIR/2025/25FW/KBDWUJK002NY/02.jpg,의심(작음 585B)
4392780,울(WOOL) 파이핑 바시티 자켓 DW_네이비,https://www.musinsa.com/products/4392780,4,11,https://cgraphy.diskn.com/KIIMUIR/2025/25FW/KBDWUJK002NY/03.jpg,의심(작음 585B)
4392780,울(WOOL) 파이핑 바시티 자켓 DW_네이비,https://www.musinsa.com/products/4392780,4,11,https://cgraphy.diskn.com/KIIMUIR/2025/25FW/KBDWUJK002NY/04.jpg,의심(작음 585B)
4392780,울(WOOL) 파이핑 바시티 자켓 DW_네이비,https://www.musinsa.com/products/4392780,4,11,https://cgraphy.diskn.com/KIIMUIR/2025/25FW/KBDWUJK002NY/09.jpg,의심(작음 585B)
3487909,울(WOOL) 파이핑 바시티 자켓 CF_그레이,https://www.musinsa.com/products/3487909,4,11,https://cgraphy.diskn.com/KIIMUIR/2025/25FW/KBCFUJK001GR/02.jpg,의심(작음 585B)
3487909,울(WOOL) 파이핑 바시티 자켓 CF_그레이,https://www.musinsa.com/products/3487909,4,11,https://cgraphy.diskn.com/KIIMUIR/2025/25FW/KBCFUJK001GR/03.jpg,의심(작음 585B)
3487909,울(WOOL) 파이핑 바시티 자켓 CF_그레이,https://www.musinsa.com/products/3487909,4,11,https://cgraphy.diskn.com/KIIMUIR/2025/25FW/KBCFUJK001GR/04.jpg,의심(작음 585B)
3487909,울(WOOL) 파이핑 바시티 자켓 CF_그레이,https://www.musinsa.com/products/3487909,4,11,https://cgraphy.diskn.com/KIIMUIR/2025/25FW/KBCFUJK001GR/09.jpg,의심(작음 585B)
4679228,울(WOOL) 헤링턴 자켓 CF_네이비,https://www.musinsa.com/products/4679228,4,11,https://cgraphy.diskn.com/KIIMUIR/2025/25FW/KBCFUJK003NY/02.jpg,의심(작음 585B)
4679228,울(WOOL) 헤링턴 자켓 CF_네이비,https://www.musinsa.com/products/4679228,4,11,https://cgraphy.diskn.com/KIIMUIR/2025/25FW/KBCFUJK003NY/03.jpg,의심(작음 585B)
4679228,울(WOOL) 헤링턴 자켓 CF_네이비,https://www.musinsa.com/products/4679228,4,11,https://cgraphy.diskn.com/KIIMUIR/2025/25FW/KBCFUJK003NY/04.jpg,의심(작음 585B)
4679228,울(WOOL) 헤링턴 자켓 CF_네이비,https://www.musinsa.com/products/4679228,4,11,https://cgraphy.diskn.com/KIIMUIR/2025/25FW/KBCFUJK003NY/09.jpg,의심(작음 585B)
5903176,커브드 생지 데님 팬츠_인디고 [벨트/키링 선택],https://www.musinsa.com/products/5903176,3,11,https://cgraphy.diskn.com/KIIMUIR/2026/26SS/KBFSUDP002IN/02.jpg,의심(작음 585B)
5903176,커브드 생지 데님 팬츠_인디고 [벨트/키링 선택],https://www.musinsa.com/products/5903176,3,11,https://cgraphy.diskn.com/KIIMUIR/2026/26SS/KBFSUDP002IN/04.jpg,의심(작음 585B)
5903176,커브드 생지 데님 팬츠_인디고 [벨트/키링 선택],https://www.musinsa.com/products/5903176,3,11,https://cgraphy.diskn.com/KIIMUIR/2026/26SS/KBFSUDP002IN/09.jpg,"의심(작음 3,747B)"
6154778,[크롭] 플래시무브 링거 크롭 반팔 티셔츠_버건디,https://www.musinsa.com/products/6154778,3,11,https://cgraphy.diskn.com/KIIMUIR/2026/26SS/KBFUUTS006BG/02.jpg,"의심(작음 3,747B)"
6154778,[크롭] 플래시무브 링거 크롭 반팔 티셔츠_버건디,https://www.musinsa.com/products/6154778,3,11,https://cgraphy.diskn.com/KIIMUIR/2026/26SS/KBFUUTS006BG/04.jpg,"의심(작음 3,747B)"
6154778,[크롭] 플래시무브 링거 크롭 반팔 티셔츠_버건디,https://www.musinsa.com/products/6154778,3,11,https://cgraphy.diskn.com/KIIMUIR/2026/26SS/KBFUUTS006BG/09.jpg,"의심(작음 3,747B)"
3974563,하찌 티에리 하프 니트_5 COLOR,https://www.musinsa.com/products/3974563,3,8,https://cgraphy.diskn.com/KIIMUIR/2024/24SS/240418_SPECIAL_WEEK.jpg,의심(작음 425B)
3974563,하찌 티에리 하프 니트_5 COLOR,https://www.musinsa.com/products/3974563,3,8,https://cgraphy.diskn.com/KIIMUIR/2024/24SS/MansCampaign/MansCampaign_N.jpg,의심(작음 425B)
3974563,하찌 티에리 하프 니트_5 COLOR,https://www.musinsa.com/products/3974563,3,8,https://cgraphy.diskn.com/KIIMUIR/2024/24SS/MansCampaign/KBDUUKS007.jpg,의심(작음 425B)
3974560,하찌 라운드 하프 니트_5 COLOR,https://www.musinsa.com/products/3974560,3,8,https://cgraphy.diskn.com/KIIMUIR/2024/KII_TIME%20SALE_20240614.jpg,의심(작음 425B)
3974560,하찌 라운드 하프 니트_5 COLOR,https://www.musinsa.com/products/3974560,3,8,https://cgraphy.diskn.com/KIIMUIR/2024/24SS/MansCampaign/MansCampaign_N.jpg,의심(작음 425B)
3974560,하찌 라운드 하프 니트_5 COLOR,https://www.musinsa.com/products/3974560,3,8,https://cgraphy.diskn.com/KIIMUIR/2024/24SS/MansCampaign/KBDUUKS008.jpg,의심(작음 425B)
5903170,헤링본 코튼 커브드 카고 팬츠_브라운 [벨트/키링 선택],https://www.musinsa.com/products/5903170,3,11,https://cgraphy.diskn.com/KIIMUIR/2026/26SS/KBFSUWP006BR/02.jpg,"의심(작음 3,601B)"
5903170,헤링본 코튼 커브드 카고 팬츠_브라운 [벨트/키링 선택],https://www.musinsa.com/products/5903170,3,11,https://cgraphy.diskn.com/KIIMUIR/2026/26SS/KBFSUWP006BR/04.jpg,"의심(작음 3,601B)"
5903170,헤링본 코튼 커브드 카고 팬츠_브라운 [벨트/키링 선택],https://www.musinsa.com/products/5903170,3,11,https://cgraphy.diskn.com/KIIMUIR/2026/26SS/KBFSUWP006BR/09.jpg,"의심(작음 3,747B)"
6154772,[크롭] 플래시무브 링거 크롭 반팔 티셔츠_멜란지 그레이,https://www.musinsa.com/products/6154772,3,11,https://cgraphy.diskn.com/KIIMUIR/2026/26SS/KBFUUTS006MG/02.jpg,"의심(작음 3,747B)"
6154772,[크롭] 플래시무브 링거 크롭 반팔 티셔츠_멜란지 그레이,https://www.musinsa.com/products/6154772,3,11,https://cgraphy.diskn.com/KIIMUIR/2026/26SS/KBFUUTS006MG/04.jpg,"의심(작음 3,747B)"
6154772,[크롭] 플래시무브 링거 크롭 반팔 티셔츠_멜란지 그레이,https://www.musinsa.com/products/6154772,3,11,https://cgraphy.diskn.com/KIIMUIR/2026/26SS/KBFUUTS006MG/09.jpg,"의심(작음 3,747B)"
6154780,[크롭] 헤비 코튼 롤업 헨리넥 반팔 티셔츠_블랙,https://www.musinsa.com/products/6154780,3,11,https://cgraphy.diskn.com/KIIMUIR/2026/26SS/KBFUUTS001BK/02.jpg,"의심(작음 3,747B)"
6154780,[크롭] 헤비 코튼 롤업 헨리넥 반팔 티셔츠_블랙,https://www.musinsa.com/products/6154780,3,11,https://cgraphy.diskn.com/KIIMUIR/2026/26SS/KBFUUTS001BK/04.jpg,"의심(작음 3,747B)"
6154780,[크롭] 헤비 코튼 롤업 헨리넥 반팔 티셔츠_블랙,https://www.musinsa.com/products/6154780,3,11,https://cgraphy.diskn.com/KIIMUIR/2026/26SS/KBFUUTS001BK/09.jpg,"의심(작음 3,747B)"
5903162,커브드 와이드 코튼 팬츠_베이지 [벨트/키링 선택],https://www.musinsa.com/products/5903162,3,11,https://cgraphy.diskn.com/KIIMUIR/2026/26SS/KBFSUWP003BE/02.jpg,의심(작음 585B)
5903162,커브드 와이드 코튼 팬츠_베이지 [벨트/키링 선택],https://www.musinsa.com/products/5903162,3,11,https://cgraphy.diskn.com/KIIMUIR/2026/26SS/KBFSUWP003BE/04.jpg,의심(작음 585B)
5903162,커브드 와이드 코튼 팬츠_베이지 [벨트/키링 선택],https://www.musinsa.com/products/5903162,3,11,https://cgraphy.diskn.com/KIIMUIR/2026/26SS/KBFSUWP003BE/09.jpg,"의심(작음 3,747B)"
6154791,[크롭] 헤비 코튼 롤업 헨리넥 반팔 티셔츠_멜란지 그레이,https://www.musinsa.com/products/6154791,3,11,https://cgraphy.diskn.com/KIIMUIR/2026/26SS/KBFUUTS001MG/02.jpg,"의심(작음 3,747B)"
6154791,[크롭] 헤비 코튼 롤업 헨리넥 반팔 티셔츠_멜란지 그레이,https://www.musinsa.com/products/6154791,3,11,https://cgraphy.diskn.com/KIIMUIR/2026/26SS/KBFUUTS001MG/04.jpg,"의심(작음 3,747B)"
6154791,[크롭] 헤비 코튼 롤업 헨리넥 반팔 티셔츠_멜란지 그레이,https://www.musinsa.com/products/6154791,3,11,https://cgraphy.diskn.com/KIIMUIR/2026/26SS/KBFUUTS001MG/09.jpg,"의심(작음 3,747B)"
5903174,커브드 생지 데님 팬츠_블랙 [벨트/키링 선택],https://www.musinsa.com/products/5903174,3,11,https://cgraphy.diskn.com/KIIMUIR/2026/26SS/KBFSUDP002BK/02.jpg,의심(작음 585B)
5903174,커브드 생지 데님 팬츠_블랙 [벨트/키링 선택],https://www.musinsa.com/products/5903174,3,11,https://cgraphy.diskn.com/KIIMUIR/2026/26SS/KBFSUDP002BK/04.jpg,의심(작음 585B)
5903174,커브드 생지 데님 팬츠_블랙 [벨트/키링 선택],https://www.musinsa.com/products/5903174,3,11,https://cgraphy.diskn.com/KIIMUIR/2026/26SS/KBFSUDP002BK/09.jpg,"의심(작음 3,747B)"
6154655,리브드 슬리브리스_멜란지 그레이,https://www.musinsa.com/products/6154655,3,11,https://cgraphy.diskn.com/KIIMUIR/2026/26SS/KBFUUTX001MG/02.jpg,"의심(작음 3,747B)"
6154655,리브드 슬리브리스_멜란지 그레이,https://www.musinsa.com/products/6154655,3,11,https://cgraphy.diskn.com/KIIMUIR/2026/26SS/KBFUUTX001MG/04.jpg,"의심(작음 3,747B)"
6154655,리브드 슬리브리스_멜란지 그레이,https://www.musinsa.com/products/6154655,3,11,https://cgraphy.diskn.com/KIIMUIR/2026/26SS/KBFUUTX001MG/09.jpg,"의심(작음 3,747B)"
6154802,[크롭] 스트라이프 크롭 워싱 반팔 티셔츠_차콜,https://www.musinsa.com/products/6154802,3,11,https://cgraphy.diskn.com/KIIMUIR/2026/26SS/KBFUUTS011CH/02.jpg,"의심(작음 3,747B)"
6154802,[크롭] 스트라이프 크롭 워싱 반팔 티셔츠_차콜,https://www.musinsa.com/products/6154802,3,11,https://cgraphy.diskn.com/KIIMUIR/2026/26SS/KBFUUTS011CH/04.jpg,"의심(작음 3,747B)"
6154802,[크롭] 스트라이프 크롭 워싱 반팔 티셔츠_차콜,https://www.musinsa.com/products/6154802,3,11,https://cgraphy.diskn.com/KIIMUIR/2026/26SS/KBFUUTS011CH/09.jpg,"의심(작음 3,747B)"
6154671,[크롭] 롤업 체크 반팔 셔츠_그린 [나시 선택],https://www.musinsa.com/products/6154671,3,11,https://cgraphy.diskn.com/KIIMUIR/2026/26SS/KBFUUSH003GN/02.jpg,"의심(작음 3,747B)"
6154671,[크롭] 롤업 체크 반팔 셔츠_그린 [나시 선택],https://www.musinsa.com/products/6154671,3,11,https://cgraphy.diskn.com/KIIMUIR/2026/26SS/KBFUUSH003GN/04.jpg,"의심(작음 3,747B)"
6154671,[크롭] 롤업 체크 반팔 셔츠_그린 [나시 선택],https://www.musinsa.com/products/6154671,3,11,https://cgraphy.diskn.com/KIIMUIR/2026/26SS/KBFUUSH003GN/09.jpg,"의심(작음 3,747B)"
5318935,리버시블 체크 헤링턴 점퍼_네이비,https://www.musinsa.com/products/5318935,3,11,https://cgraphy.diskn.com/KIIMUIR/2026/26SS/KBEFUJP004/02.jpg,의심(작음 585B)
5318935,리버시블 체크 헤링턴 점퍼_네이비,https://www.musinsa.com/products/5318935,3,11,https://cgraphy.diskn.com/KIIMUIR/2026/26SS/KBEFUJP004/04.jpg,의심(작음 585B)
5318935,리버시블 체크 헤링턴 점퍼_네이비,https://www.musinsa.com/products/5318935,3,11,https://cgraphy.diskn.com/KIIMUIR/2026/26SS/KBEFUJP004/09.jpg,"의심(작음 3,747B)"
3976539,린넨 체크 웨스턴 라인 반팔 셔츠_네이비,https://www.musinsa.com/products/3976539,3,9,https://cgraphy.diskn.com/KIIMUIR/2024/24SS/240418_SPECIAL_WEEK.jpg,의심(작음 425B)
3976539,린넨 체크 웨스턴 라인 반팔 셔츠_네이비,https://www.musinsa.com/products/3976539,3,9,https://cgraphy.diskn.com/KIIMUIR/2024/24SS/MansCampaign/MansCampaign_N.jpg,의심(작음 425B)
3976539,린넨 체크 웨스턴 라인 반팔 셔츠_네이비,https://www.musinsa.com/products/3976539,3,9,https://cgraphy.diskn.com/KIIMUIR/2024/24SS/MansCampaign/KBDUUSH002.jpg,의심(작음 425B)
6154673,[크롭] 롤업 체크 반팔 셔츠_브라운 [나시 선택],https://www.musinsa.com/products/6154673,3,11,https://cgraphy.diskn.com/KIIMUIR/2026/26SS/KBFUUSH003BR/02.jpg,"의심(작음 3,747B)"
6154673,[크롭] 롤업 체크 반팔 셔츠_브라운 [나시 선택],https://www.musinsa.com/products/6154673,3,11,https://cgraphy.diskn.com/KIIMUIR/2026/26SS/KBFUUSH003BR/04.jpg,"의심(작음 3,747B)"
6154673,[크롭] 롤업 체크 반팔 셔츠_브라운 [나시 선택],https://www.musinsa.com/products/6154673,3,11,https://cgraphy.diskn.com/KIIMUIR/2026/26SS/KBFUUSH003BR/09.jpg,"의심(작음 3,747B)"
6154775,[크롭] 플래시무브 링거 크롭 반팔 티셔츠_오트밀,https://www.musinsa.com/products/6154775,3,11,https://cgraphy.diskn.com/KIIMUIR/2026/26SS/KBFUUTS006OT/02.jpg,"의심(작음 3,747B)"
6154775,[크롭] 플래시무브 링거 크롭 반팔 티셔츠_오트밀,https://www.musinsa.com/products/6154775,3,11,https://cgraphy.diskn.com/KIIMUIR/2026/26SS/KBFUUTS006OT/04.jpg,"의심(작음 3,747B)"
6154775,[크롭] 플래시무브 링거 크롭 반팔 티셔츠_오트밀,https://www.musinsa.com/products/6154775,3,11,https://cgraphy.diskn.com/KIIMUIR/2026/26SS/KBFUUTS006OT/09.jpg,"의심(작음 3,747B)"
6253269,(우먼) 레이어드 슬리브리스 원피스_스카이 블루,https://www.musinsa.com/products/6253269,3,11,https://cgraphy.diskn.com/KIIMUIR/2026/26SS/KBFUWOP001SB/02.jpg,"의심(작음 3,747B)"
6253269,(우먼) 레이어드 슬리브리스 원피스_스카이 블루,https://www.musinsa.com/products/6253269,3,11,https://cgraphy.diskn.com/KIIMUIR/2026/26SS/KBFUWOP001SB/04.jpg,"의심(작음 3,747B)"
6253269,(우먼) 레이어드 슬리브리스 원피스_스카이 블루,https://www.musinsa.com/products/6253269,3,11,https://cgraphy.diskn.com/KIIMUIR/2026/26SS/KBFUWOP001SB/09.jpg,"의심(작음 3,747B)"
6253333,(우먼) 버튼 캡슬리브 반팔 블라우스_화이트,https://www.musinsa.com/products/6253333,3,11,https://cgraphy.diskn.com/KIIMUIR/2026/26SS/KBFUWSH001WH/02.jpg,"의심(작음 3,747B)"
6253333,(우먼) 버튼 캡슬리브 반팔 블라우스_화이트,https://www.musinsa.com/products/6253333,3,11,https://cgraphy.diskn.com/KIIMUIR/2026/26SS/KBFUWSH001WH/04.jpg,"의심(작음 3,747B)"
6253333,(우먼) 버튼 캡슬리브 반팔 블라우스_화이트,https://www.musinsa.com/products/6253333,3,11,https://cgraphy.diskn.com/KIIMUIR/2026/26SS/KBFUWSH001WH/09.jpg,"의심(작음 3,747B)"
6154785,[크롭] 헤비 코튼 롤업 헨리넥 반팔 티셔츠_차콜,https://www.musinsa.com/products/6154785,3,11,https://cgraphy.diskn.com/KIIMUIR/2026/26SS/KBFUUTS001CH/02.jpg,"의심(작음 3,747B)"
6154785,[크롭] 헤비 코튼 롤업 헨리넥 반팔 티셔츠_차콜,https://www.musinsa.com/products/6154785,3,11,https://cgraphy.diskn.com/KIIMUIR/2026/26SS/KBFUUTS001CH/04.jpg,"의심(작음 3,747B)"
6154785,[크롭] 헤비 코튼 롤업 헨리넥 반팔 티셔츠_차콜,https://www.musinsa.com/products/6154785,3,11,https://cgraphy.diskn.com/KIIMUIR/2026/26SS/KBFUUTS001CH/09.jpg,"의심(작음 3,747B)"
6253045,(우먼) 언발란스 프릴 미디 스커트_화이트,https://www.musinsa.com/products/6253045,3,11,https://cgraphy.diskn.com/KIIMUIR/2026/26SS/KBFUWKK001WH/02.jpg,"의심(작음 3,601B)"
6253045,(우먼) 언발란스 프릴 미디 스커트_화이트,https://www.musinsa.com/products/6253045,3,11,https://cgraphy.diskn.com/KIIMUIR/2026/26SS/KBFUWKK001WH/04.jpg,"의심(작음 3,747B)"
6253045,(우먼) 언발란스 프릴 미디 스커트_화이트,https://www.musinsa.com/products/6253045,3,11,https://cgraphy.diskn.com/KIIMUIR/2026/26SS/KBFUWKK001WH/09.jpg,"의심(작음 3,747B)"
6154804,[크롭] 스트라이프 크롭 워싱 반팔 티셔츠_네이비,https://www.musinsa.com/products/6154804,3,11,https://cgraphy.diskn.com/KIIMUIR/2026/26SS/KBFUUTS011NY/02.jpg,"의심(작음 3,747B)"
6154804,[크롭] 스트라이프 크롭 워싱 반팔 티셔츠_네이비,https://www.musinsa.com/products/6154804,3,11,https://cgraphy.diskn.com/KIIMUIR/2026/26SS/KBFUUTS011NY/04.jpg,"의심(작음 3,747B)"
6154804,[크롭] 스트라이프 크롭 워싱 반팔 티셔츠_네이비,https://www.musinsa.com/products/6154804,3,11,https://cgraphy.diskn.com/KIIMUIR/2026/26SS/KBFUUTS011NY/09.jpg,"의심(작음 3,747B)"
6253042,(우먼) 언발란스 프릴 미디 스커트_스카이 블루,https://www.musinsa.com/products/6253042,3,11,https://cgraphy.diskn.com/KIIMUIR/2026/26SS/KBFUWKK001SB/02.jpg,"의심(작음 3,747B)"
6253042,(우먼) 언발란스 프릴 미디 스커트_스카이 블루,https://www.musinsa.com/products/6253042,3,11,https://cgraphy.diskn.com/KIIMUIR/2026/26SS/KBFUWKK001SB/04.jpg,"의심(작음 3,747B)"
6253042,(우먼) 언발란스 프릴 미디 스커트_스카이 블루,https://www.musinsa.com/products/6253042,3,11,https://cgraphy.diskn.com/KIIMUIR/2026/26SS/KBFUWKK001SB/09.jpg,"의심(작음 3,747B)"
5903224,크롭 체크 셔츠_스카이블루,https://www.musinsa.com/products/5903224,3,11,https://cgraphy.diskn.com/KIIMUIR/2026/26SS/KBFSUSH004SB/02.jpg,의심(작음 585B)
5903224,크롭 체크 셔츠_스카이블루,https://www.musinsa.com/products/5903224,3,11,https://cgraphy.diskn.com/KIIMUIR/2026/26SS/KBFSUSH004SB/04.jpg,의심(작음 585B)
5903224,크롭 체크 셔츠_스카이블루,https://www.musinsa.com/products/5903224,3,11,https://cgraphy.diskn.com/KIIMUIR/2026/26SS/KBFSUSH004SB/09.jpg,"의심(작음 3,747B)"
6154657,리브드 슬리브리스_블랙,https://www.musinsa.com/products/6154657,3,11,https://cgraphy.diskn.com/KIIMUIR/2026/26SS/KBFUUTX001BK/02.jpg,"의심(작음 3,747B)"
6154657,리브드 슬리브리스_블랙,https://www.musinsa.com/products/6154657,3,11,https://cgraphy.diskn.com/KIIMUIR/2026/26SS/KBFUUTX001BK/04.jpg,"의심(작음 3,747B)"
6154657,리브드 슬리브리스_블랙,https://www.musinsa.com/products/6154657,3,11,https://cgraphy.diskn.com/KIIMUIR/2026/26SS/KBFUUTX001BK/09.jpg,"의심(작음 3,747B)"
5903165,커브드 와이드 코튼 팬츠_브라운 [벨트/키링 선택],https://www.musinsa.com/products/5903165,3,11,https://cgraphy.diskn.com/KIIMUIR/2026/26SS/KBFSUWP003BR/02.jpg,의심(작음 585B)
5903165,커브드 와이드 코튼 팬츠_브라운 [벨트/키링 선택],https://www.musinsa.com/products/5903165,3,11,https://cgraphy.diskn.com/KIIMUIR/2026/26SS/KBFSUWP003BR/04.jpg,의심(작음 585B)
5903165,커브드 와이드 코튼 팬츠_브라운 [벨트/키링 선택],https://www.musinsa.com/products/5903165,3,11,https://cgraphy.diskn.com/KIIMUIR/2026/26SS/KBFSUWP003BR/09.jpg,"의심(작음 3,747B)"
6253332,(우먼) 버튼 캡슬리브 반팔 블라우스_블랙,https://www.musinsa.com/products/6253332,3,11,https://cgraphy.diskn.com/KIIMUIR/2026/26SS/KBFUWSH001BK/02.jpg,의심(작음 585B)
6253332,(우먼) 버튼 캡슬리브 반팔 블라우스_블랙,https://www.musinsa.com/products/6253332,3,11,https://cgraphy.diskn.com/KIIMUIR/2026/26SS/KBFUWSH001BK/04.jpg,의심(작음 585B)
6253332,(우먼) 버튼 캡슬리브 반팔 블라우스_블랙,https://www.musinsa.com/products/6253332,3,11,https://cgraphy.diskn.com/KIIMUIR/2026/26SS/KBFUWSH001BK/09.jpg,"의심(작음 3,747B)"
6154662,리브드 슬리브리스_차콜,https://www.musinsa.com/products/6154662,3,11,https://cgraphy.diskn.com/KIIMUIR/2026/26SS/KBFUUTX001CH/02.jpg,"의심(작음 3,747B)"
6154662,리브드 슬리브리스_차콜,https://www.musinsa.com/products/6154662,3,11,https://cgraphy.diskn.com/KIIMUIR/2026/26SS/KBFUUTX001CH/04.jpg,"의심(작음 3,747B)"
6154662,리브드 슬리브리스_차콜,https://www.musinsa.com/products/6154662,3,11,https://cgraphy.diskn.com/KIIMUIR/2026/26SS/KBFUUTX001CH/09.jpg,"의심(작음 3,747B)"
5903154,리버서블 와플 후드 집업_멜란지 그레이,https://www.musinsa.com/products/5903154,3,11,https://cgraphy.diskn.com/KIIMUIR/2026/26SS/KBFSUTC001MG/02.jpg,의심(작음 585B)
5903154,리버서블 와플 후드 집업_멜란지 그레이,https://www.musinsa.com/products/5903154,3,11,https://cgraphy.diskn.com/KIIMUIR/2026/26SS/KBFSUTC001MG/04.jpg,의심(작음 585B)
5903154,리버서블 와플 후드 집업_멜란지 그레이,https://www.musinsa.com/products/5903154,3,11,https://cgraphy.diskn.com/KIIMUIR/2026/26SS/KBFSUTC001MG/09.jpg,"의심(작음 3,747B)"
6253311,(우먼) 시어 스트라이프 오버핏 셔츠_화이트,https://www.musinsa.com/products/6253311,3,11,https://cgraphy.diskn.com/KIIMUIR/2026/26SS/KBFUWSH002WH/02.jpg,"의심(작음 3,747B)"
6253311,(우먼) 시어 스트라이프 오버핏 셔츠_화이트,https://www.musinsa.com/products/6253311,3,11,https://cgraphy.diskn.com/KIIMUIR/2026/26SS/KBFUWSH002WH/04.jpg,"의심(작음 3,747B)"
6253311,(우먼) 시어 스트라이프 오버핏 셔츠_화이트,https://www.musinsa.com/products/6253311,3,11,https://cgraphy.diskn.com/KIIMUIR/2026/26SS/KBFUWSH002WH/09.jpg,"의심(작음 3,747B)"
5903232,쿨터치 헨리넥 크롭 니트_블랙,https://www.musinsa.com/products/5903232,3,11,https://cgraphy.diskn.com/KIIMUIR/2026/26SS/KBFSUKL002BK/02.jpg,의심(작음 585B)
5903232,쿨터치 헨리넥 크롭 니트_블랙,https://www.musinsa.com/products/5903232,3,11,https://cgraphy.diskn.com/KIIMUIR/2026/26SS/KBFSUKL002BK/04.jpg,의심(작음 585B)
5903232,쿨터치 헨리넥 크롭 니트_블랙,https://www.musinsa.com/products/5903232,3,11,https://cgraphy.diskn.com/KIIMUIR/2026/26SS/KBFSUKL002BK/09.jpg,"의심(작음 3,747B)"
6154734,선데이 바이브 반팔 티셔츠_화이트,https://www.musinsa.com/products/6154734,3,11,https://cgraphy.diskn.com/KIIMUIR/2026/26SS/KBFUUTS003WH/02.jpg,"의심(작음 3,747B)"
6154734,선데이 바이브 반팔 티셔츠_화이트,https://www.musinsa.com/products/6154734,3,11,https://cgraphy.diskn.com/KIIMUIR/2026/26SS/KBFUUTS003WH/04.jpg,"의심(작음 3,747B)"
6154734,선데이 바이브 반팔 티셔츠_화이트,https://www.musinsa.com/products/6154734,3,11,https://cgraphy.diskn.com/KIIMUIR/2026/26SS/KBFUUTS003WH/09.jpg,"의심(작음 3,747B)"
5903234,쿨터치 헨리넥 크롭 니트_네이비,https://www.musinsa.com/products/5903234,3,11,https://cgraphy.diskn.com/KIIMUIR/2026/26SS/KBFSUKL002NY/02.jpg,의심(작음 585B)
5903234,쿨터치 헨리넥 크롭 니트_네이비,https://www.musinsa.com/products/5903234,3,11,https://cgraphy.diskn.com/KIIMUIR/2026/26SS/KBFSUKL002NY/04.jpg,의심(작음 585B)
5903234,쿨터치 헨리넥 크롭 니트_네이비,https://www.musinsa.com/products/5903234,3,11,https://cgraphy.diskn.com/KIIMUIR/2026/26SS/KBFSUKL002NY/09.jpg,"의심(작음 3,747B)"
6253308,(우먼) 시어 스트라이프 오버핏 셔츠_스카이 블루,https://www.musinsa.com/products/6253308,3,11,https://cgraphy.diskn.com/KIIMUIR/2026/26SS/KBFUWSH002SB/02.jpg,"의심(작음 3,747B)"
6253308,(우먼) 시어 스트라이프 오버핏 셔츠_스카이 블루,https://www.musinsa.com/products/6253308,3,11,https://cgraphy.diskn.com/KIIMUIR/2026/26SS/KBFUWSH002SB/04.jpg,"의심(작음 3,747B)"
6253308,(우먼) 시어 스트라이프 오버핏 셔츠_스카이 블루,https://www.musinsa.com/products/6253308,3,11,https://cgraphy.diskn.com/KIIMUIR/2026/26SS/KBFUWSH002SB/09.jpg,"의심(작음 3,747B)"
4499775,오버핏 2-WAY 더플 후드 롱패딩_블랙,https://www.musinsa.com/products/4499775,3,11,https://cgraphy.diskn.com/KIIMUIR/2025/25FW/KBDWUHL001BK/03.jpg,의심(작음 439B)
4499775,오버핏 2-WAY 더플 후드 롱패딩_블랙,https://www.musinsa.com/products/4499775,3,11,https://cgraphy.diskn.com/KIIMUIR/2025/25FW/KBDWUHL001BK/06.jpg,없음(404)
4499775,오버핏 2-WAY 더플 후드 롱패딩_블랙,https://www.musinsa.com/products/4499775,3,11,https://cgraphy.diskn.com/KIIMUIR/2025/25FW/KBDWUHL001BK/09.jpg,의심(작음 439B)
3968452,레이스 카라드 자켓_블랙,https://www.musinsa.com/products/3968452,3,8,https://cgraphy.diskn.com/KIIMUIR/2024/24SS/240418_SPECIAL_WEEK.jpg,의심(작음 425B)
3968452,레이스 카라드 자켓_블랙,https://www.musinsa.com/products/3968452,3,8,https://cgraphy.diskn.com/KIIMUIR/2024/24SS/MansCampaign/MansCampaign_N.jpg,의심(작음 425B)
3968452,레이스 카라드 자켓_블랙,https://www.musinsa.com/products/3968452,3,8,https://cgraphy.diskn.com/KIIMUIR/2024/24SS/MansCampaign/KBDUUJK001.jpg,의심(작음 425B)
6154675,[크롭] 롤업 체크 반팔 셔츠_퍼플 [나시 선택],https://www.musinsa.com/products/6154675,3,11,https://cgraphy.diskn.com/KIIMUIR/2026/26SS/KBFUUSH003PP/02.jpg,"의심(작음 3,747B)"
6154675,[크롭] 롤업 체크 반팔 셔츠_퍼플 [나시 선택],https://www.musinsa.com/products/6154675,3,11,https://cgraphy.diskn.com/KIIMUIR/2026/26SS/KBFUUSH003PP/04.jpg,"의심(작음 3,747B)"
6154675,[크롭] 롤업 체크 반팔 셔츠_퍼플 [나시 선택],https://www.musinsa.com/products/6154675,3,11,https://cgraphy.diskn.com/KIIMUIR/2026/26SS/KBFUUSH003PP/09.jpg,"의심(작음 3,747B)"
3974606,크로셰 반팔 가디건_아이보리,https://www.musinsa.com/products/3974606,3,9,https://cgraphy.diskn.com/KIIMUIR/2024/24SS/240418_SPECIAL_WEEK.jpg,의심(작음 425B)
3974606,크로셰 반팔 가디건_아이보리,https://www.musinsa.com/products/3974606,3,9,https://cgraphy.diskn.com/KIIMUIR/2024/24SS/MansCampaign/MansCampaign_N.jpg,의심(작음 425B)
3974606,크로셰 반팔 가디건_아이보리,https://www.musinsa.com/products/3974606,3,9,https://cgraphy.diskn.com/KIIMUIR/2024/24SS/MansCampaign/KBDUUKC012.jpg,의심(작음 425B)
5318122,와이드 커브드 코튼 팬츠_브라운,https://www.musinsa.com/products/5318122,3,8,https://cgraphy.diskn.com/KIIMUIR/2025/25FW/KBEFUWP002BR/INFLUENCER.jpg,의심(작음 585B)
5318122,와이드 커브드 코튼 팬츠_브라운,https://www.musinsa.com/products/5318122,3,8,https://cgraphy.diskn.com/KIIMUIR/2025/25FW/KBEFUWP002BR/f_in.jpg,의심(작음 585B)
5318122,와이드 커브드 코튼 팬츠_브라운,https://www.musinsa.com/products/5318122,3,8,https://cgraphy.diskn.com/KIIMUIR/2025/25FW/KBEFUWP002BR/f_BR.jpg,의심(작음 585B)
5318094,스트라이프 커브드 데님 팬츠_블랙,https://www.musinsa.com/products/5318094,3,7,https://cgraphy.diskn.com/KIIMUIR/2025/25FW/KBEFUDP005/intro_BK.jpg,의심(작음 585B)
5318094,스트라이프 커브드 데님 팬츠_블랙,https://www.musinsa.com/products/5318094,3,7,https://cgraphy.diskn.com/KIIMUIR/2025/25FW/KBEFUDP005/INFLUENCER.jpg,의심(작음 585B)
5318094,스트라이프 커브드 데님 팬츠_블랙,https://www.musinsa.com/products/5318094,3,7,https://cgraphy.diskn.com/KIIMUIR/2025/25FW/KBEFUDP005/f_BK.jpg,의심(작음 585B)
5903236,쿨터치 헨리넥 크롭 니트_브라운,https://www.musinsa.com/products/5903236,3,11,https://cgraphy.diskn.com/KIIMUIR/2026/26SS/KBFSUKL002BR/02.jpg,의심(작음 585B)
5903236,쿨터치 헨리넥 크롭 니트_브라운,https://www.musinsa.com/products/5903236,3,11,https://cgraphy.diskn.com/KIIMUIR/2026/26SS/KBFSUKL002BR/04.jpg,의심(작음 585B)
5903236,쿨터치 헨리넥 크롭 니트_브라운,https://www.musinsa.com/products/5903236,3,11,https://cgraphy.diskn.com/KIIMUIR/2026/26SS/KBFSUKL002BR/09.jpg,"의심(작음 3,747B)"
5903216,체크 후드 바람막이_블랙,https://www.musinsa.com/products/5903216,3,11,https://cgraphy.diskn.com/KIIMUIR/2026/26SS/KBFSUJP004BK/02.jpg,의심(작음 585B)
5903216,체크 후드 바람막이_블랙,https://www.musinsa.com/products/5903216,3,11,https://cgraphy.diskn.com/KIIMUIR/2026/26SS/KBFSUJP004BK/04.jpg,의심(작음 585B)
5903216,체크 후드 바람막이_블랙,https://www.musinsa.com/products/5903216,3,11,https://cgraphy.diskn.com/KIIMUIR/2026/26SS/KBFSUJP004BK/09.jpg,"의심(작음 3,747B)"
3976540,린넨 체크 웨스턴 라인 반팔 셔츠_블루,https://www.musinsa.com/products/3976540,3,9,https://cgraphy.diskn.com/KIIMUIR/2024/24SS/240418_SPECIAL_WEEK.jpg,의심(작음 425B)
3976540,린넨 체크 웨스턴 라인 반팔 셔츠_블루,https://www.musinsa.com/products/3976540,3,9,https://cgraphy.diskn.com/KIIMUIR/2024/24SS/MansCampaign/MansCampaign_N.jpg,의심(작음 425B)
3976540,린넨 체크 웨스턴 라인 반팔 셔츠_블루,https://www.musinsa.com/products/3976540,3,9,https://cgraphy.diskn.com/KIIMUIR/2024/24SS/MansCampaign/KBDUUSH002.jpg,의심(작음 425B)
5903116,카라드 페이크 레더 자켓_브라운,https://www.musinsa.com/products/5903116,3,11,https://cgraphy.diskn.com/KIIMUIR/2026/26SS/KBFSULJ001BR/02.jpg,의심(작음 585B)
5903116,카라드 페이크 레더 자켓_브라운,https://www.musinsa.com/products/5903116,3,11,https://cgraphy.diskn.com/KIIMUIR/2026/26SS/KBFSULJ001BR/04.jpg,의심(작음 585B)
5903116,카라드 페이크 레더 자켓_브라운,https://www.musinsa.com/products/5903116,3,11,https://cgraphy.diskn.com/KIIMUIR/2026/26SS/KBFSULJ001BR/09.jpg,"의심(작음 3,747B)"
5317975,리얼 레더 벨트_블랙,https://www.musinsa.com/products/5317975,3,8,https://cgraphy.diskn.com/KIIMUIR/2025/25FW/KBEFUAB001BK/INFLUENCER.jpg,의심(작음 585B)
5317975,리얼 레더 벨트_블랙,https://www.musinsa.com/products/5317975,3,8,https://cgraphy.diskn.com/KIIMUIR/2025/25FW/KBEFUAB001BK/intro_BK.jpg,의심(작음 585B)
5317975,리얼 레더 벨트_블랙,https://www.musinsa.com/products/5317975,3,8,https://cgraphy.diskn.com/KIIMUIR/2025/25FW/KBEFUAB001BK/f_IN.jpg,의심(작음 585B)
5903153,리버서블 와플 후드 집업_블랙,https://www.musinsa.com/products/5903153,3,11,https://cgraphy.diskn.com/KIIMUIR/2026/26SS/KBFSUTC001BK/02.jpg,의심(작음 585B)
5903153,리버서블 와플 후드 집업_블랙,https://www.musinsa.com/products/5903153,3,11,https://cgraphy.diskn.com/KIIMUIR/2026/26SS/KBFSUTC001BK/04.jpg,의심(작음 585B)
5903153,리버서블 와플 후드 집업_블랙,https://www.musinsa.com/products/5903153,3,11,https://cgraphy.diskn.com/KIIMUIR/2026/26SS/KBFSUTC001BK/09.jpg,"의심(작음 3,747B)"
5579007,(우먼) 스웨이드 숏 패딩 점퍼_아이보리,https://www.musinsa.com/products/5579007,3,11,https://cgraphy.diskn.com/KIIMUIR/2025/25FW/KBEWWHH006IV/02.jpg,"의심(작음 3,601B)"
5579007,(우먼) 스웨이드 숏 패딩 점퍼_아이보리,https://www.musinsa.com/products/5579007,3,11,https://cgraphy.diskn.com/KIIMUIR/2025/25FW/KBEWWHH006IV/04.jpg,"의심(작음 3,601B)"
5579007,(우먼) 스웨이드 숏 패딩 점퍼_아이보리,https://www.musinsa.com/products/5579007,3,11,https://cgraphy.diskn.com/KIIMUIR/2025/25FW/KBEWWHH006IV/09.jpg,"의심(작음 3,601B)"
5579006,(우먼) 스웨이드 숏 패딩 점퍼_베이지,https://www.musinsa.com/products/5579006,3,11,https://cgraphy.diskn.com/KIIMUIR/2025/25FW/KBEWWHH006BE/02.jpg,"의심(작음 3,601B)"
5579006,(우먼) 스웨이드 숏 패딩 점퍼_베이지,https://www.musinsa.com/products/5579006,3,11,https://cgraphy.diskn.com/KIIMUIR/2025/25FW/KBEWWHH006BE/04.jpg,"의심(작음 3,601B)"
5579006,(우먼) 스웨이드 숏 패딩 점퍼_베이지,https://www.musinsa.com/products/5579006,3,11,https://cgraphy.diskn.com/KIIMUIR/2025/25FW/KBEWWHH006BE/09.jpg,"의심(작음 3,601B)"
5579004,(우먼) 무스탕 하프코트_베이지,https://www.musinsa.com/products/5579004,3,11,https://cgraphy.diskn.com/KIIMUIR/2025/25FW/KBEWWJP004BE/02.jpg,의심(작음 585B)
5579004,(우먼) 무스탕 하프코트_베이지,https://www.musinsa.com/products/5579004,3,11,https://cgraphy.diskn.com/KIIMUIR/2025/25FW/KBEWWJP004BE/04.jpg,의심(작음 439B)
5579004,(우먼) 무스탕 하프코트_베이지,https://www.musinsa.com/products/5579004,3,11,https://cgraphy.diskn.com/KIIMUIR/2025/25FW/KBEWWJP004BE/09.jpg,의심(작음 585B)
4886077,(우먼) 세미와이드 써머 데님 팬츠_스카이블루,https://www.musinsa.com/products/4886077,2,7,https://cgraphy.diskn.com/KIIMUIR/2025/25SS/KBEUWDP002/INFLUENCER.jpg,의심(작음 425B)
4886077,(우먼) 세미와이드 써머 데님 팬츠_스카이블루,https://www.musinsa.com/products/4886077,2,7,https://cgraphy.diskn.com/KIIMUIR/SIZE_WOMAN.jpg,"의심(작음 80,422B)"
3974526,(우먼) 리브드 컷앤소 반팔 티셔츠_블랙,https://www.musinsa.com/products/3974526,2,7,https://cgraphy.diskn.com/KIIMUIR/2024/24SS/240418_SPECIAL_WEEK.jpg,의심(작음 425B)
3974526,(우먼) 리브드 컷앤소 반팔 티셔츠_블랙,https://www.musinsa.com/products/3974526,2,7,https://cgraphy.diskn.com/KIIMUIR/SIZE_WOMAN.jpg,"의심(작음 80,422B)"
3974539,(우먼) 코튼 오픈카라 케이블 하프 니트_스카이 블루,https://www.musinsa.com/products/3974539,2,8,https://cgraphy.diskn.com/KIIMUIR/2024/24SS/240418_SPECIAL_WEEK.jpg,의심(작음 425B)
3974539,(우먼) 코튼 오픈카라 케이블 하프 니트_스카이 블루,https://www.musinsa.com/products/3974539,2,8,https://cgraphy.diskn.com/KIIMUIR/SIZE_WOMAN.jpg,"의심(작음 80,422B)"
3974542,(우먼) 코튼 오픈카라 케이블 하프 니트_블랙,https://www.musinsa.com/products/3974542,2,8,https://cgraphy.diskn.com/KIIMUIR/2024/24SS/240418_SPECIAL_WEEK.jpg,의심(작음 425B)
3974542,(우먼) 코튼 오픈카라 케이블 하프 니트_블랙,https://www.musinsa.com/products/3974542,2,8,https://cgraphy.diskn.com/KIIMUIR/SIZE_WOMAN.jpg,"의심(작음 80,422B)"
3974544,(우먼) 코튼 오픈카라 케이블 하프 니트_베이지,https://www.musinsa.com/products/3974544,2,8,https://cgraphy.diskn.com/KIIMUIR/2024/24SS/240418_SPECIAL_WEEK.jpg,의심(작음 425B)
3974544,(우먼) 코튼 오픈카라 케이블 하프 니트_베이지,https://www.musinsa.com/products/3974544,2,8,https://cgraphy.diskn.com/KIIMUIR/SIZE_WOMAN.jpg,"의심(작음 80,422B)"
4886053,(우먼) 써머 세미와이드 린넨 팬츠_화이트,https://www.musinsa.com/products/4886053,2,7,https://cgraphy.diskn.com/KIIMUIR/2025/25SS/KBEUWWP003/INFLUENCER.jpg,의심(작음 425B)
4886053,(우먼) 써머 세미와이드 린넨 팬츠_화이트,https://www.musinsa.com/products/4886053,2,7,https://cgraphy.diskn.com/KIIMUIR/SIZE_WOMAN.jpg,"의심(작음 80,422B)"
3974595,디스트로이드 데님 팬츠_블루,https://www.musinsa.com/products/3974595,2,8,https://cgraphy.diskn.com/KIIMUIR/2024/24SS/240418_SPECIAL_WEEK.jpg,의심(작음 425B)
3974595,디스트로이드 데님 팬츠_블루,https://www.musinsa.com/products/3974595,2,8,https://cgraphy.diskn.com/KIIMUIR/2024/24SS/MansCampaign/MansCampaign_N.jpg,의심(작음 425B)
5903188,[스토커즈 PICK] 와플 헨리넥 크롭 맨투맨_그레이,https://www.musinsa.com/products/5903188,2,10,https://cgraphy.diskn.com/KIIMUIR/2026/26FW/KBFMF0212GR/02.jpg,의심(작음 585B)
5903188,[스토커즈 PICK] 와플 헨리넥 크롭 맨투맨_그레이,https://www.musinsa.com/products/5903188,2,10,https://cgraphy.diskn.com/KIIMUIR/2026/26FW/KBFMF0212GR/04.jpg,의심(작음 585B)
3974304,(우먼) 디스트로이드 데님 팬츠_블루,https://www.musinsa.com/products/3974304,2,6,https://cgraphy.diskn.com/KIIMUIR/2024/24SS/240418_SPECIAL_WEEK.jpg,의심(작음 425B)
3974304,(우먼) 디스트로이드 데님 팬츠_블루,https://www.musinsa.com/products/3974304,2,6,https://cgraphy.diskn.com/KIIMUIR/SIZE_WOMAN.jpg,"의심(작음 80,422B)"
3974531,(우먼) 스카시 브이넥 반팔 니트_아이보리,https://www.musinsa.com/products/3974531,2,7,https://cgraphy.diskn.com/KIIMUIR/2024/24SS/240418_SPECIAL_WEEK.jpg,의심(작음 425B)
3974531,(우먼) 스카시 브이넥 반팔 니트_아이보리,https://www.musinsa.com/products/3974531,2,7,https://cgraphy.diskn.com/KIIMUIR/SIZE_WOMAN.jpg,"의심(작음 80,422B)"
3974355,(우먼) 데님 뷔스티에_블루,https://www.musinsa.com/products/3974355,2,7,https://cgraphy.diskn.com/KIIMUIR/2024/24SS/240418_SPECIAL_WEEK.jpg,의심(작음 425B)
3974355,(우먼) 데님 뷔스티에_블루,https://www.musinsa.com/products/3974355,2,7,https://cgraphy.diskn.com/KIIMUIR/SIZE_WOMAN.jpg,"의심(작음 80,422B)"
3974530,(우먼) 스카시 브이넥 반팔 니트_레드,https://www.musinsa.com/products/3974530,2,7,https://cgraphy.diskn.com/KIIMUIR/2024/24SS/240418_SPECIAL_WEEK.jpg,의심(작음 425B)
3974530,(우먼) 스카시 브이넥 반팔 니트_레드,https://www.musinsa.com/products/3974530,2,7,https://cgraphy.diskn.com/KIIMUIR/SIZE_WOMAN.jpg,"의심(작음 80,422B)"
3974525,(우먼) 리브드 컷앤소 반팔 티셔츠_화이트,https://www.musinsa.com/products/3974525,2,7,https://cgraphy.diskn.com/KIIMUIR/2024/24SS/240418_SPECIAL_WEEK.jpg,의심(작음 425B)
3974525,(우먼) 리브드 컷앤소 반팔 티셔츠_화이트,https://www.musinsa.com/products/3974525,2,7,https://cgraphy.diskn.com/KIIMUIR/SIZE_WOMAN.jpg,"의심(작음 80,422B)"
3974500,(우먼) 워시드 크롭 반팔 티셔츠_스카이 블루,https://www.musinsa.com/products/3974500,2,8,https://cgraphy.diskn.com/KIIMUIR/2024/24SS/240418_SPECIAL_WEEK.jpg,의심(작음 425B)
3974500,(우먼) 워시드 크롭 반팔 티셔츠_스카이 블루,https://www.musinsa.com/products/3974500,2,8,https://cgraphy.diskn.com/KIIMUIR/SIZE_WOMAN.jpg,"의심(작음 80,422B)"
3974353,(우먼) 데님 뷔스티에_그레이,https://www.musinsa.com/products/3974353,2,7,https://cgraphy.diskn.com/KIIMUIR/2024/24SS/240418_SPECIAL_WEEK.jpg,의심(작음 425B)
3974353,(우먼) 데님 뷔스티에_그레이,https://www.musinsa.com/products/3974353,2,7,https://cgraphy.diskn.com/KIIMUIR/SIZE_WOMAN.jpg,"의심(작음 80,422B)"
3974499,(우먼) 워시드 크롭 반팔 티셔츠_블랙,https://www.musinsa.com/products/3974499,2,8,https://cgraphy.diskn.com/KIIMUIR/2024/24SS/240418_SPECIAL_WEEK.jpg,의심(작음 425B)
3974499,(우먼) 워시드 크롭 반팔 티셔츠_블랙,https://www.musinsa.com/products/3974499,2,8,https://cgraphy.diskn.com/KIIMUIR/SIZE_WOMAN.jpg,"의심(작음 80,422B)"
3974315,(우먼) 로우컷 데님 버뮤다 쇼츠_스카이 블루,https://www.musinsa.com/products/3974315,2,6,https://cgraphy.diskn.com/KIIMUIR/2024/24SS/240418_SPECIAL_WEEK.jpg,의심(작음 425B)
3974315,(우먼) 로우컷 데님 버뮤다 쇼츠_스카이 블루,https://www.musinsa.com/products/3974315,2,6,https://cgraphy.diskn.com/KIIMUIR/SIZE_WOMAN.jpg,"의심(작음 80,422B)"
5903191,[스토커즈 PICK] 와플 헨리넥 크롭 맨투맨_차콜,https://www.musinsa.com/products/5903191,2,10,https://cgraphy.diskn.com/KIIMUIR/2026/26FW/KBFMF0212CH/02.jpg,의심(작음 585B)
5903191,[스토커즈 PICK] 와플 헨리넥 크롭 맨투맨_차콜,https://www.musinsa.com/products/5903191,2,10,https://cgraphy.diskn.com/KIIMUIR/2026/26FW/KBFMF0212CH/04.jpg,의심(작음 585B)
4886057,(우먼) 써머 세미와이드 린넨 팬츠_카키,https://www.musinsa.com/products/4886057,2,7,https://cgraphy.diskn.com/KIIMUIR/2025/25SS/KBEUWWP003/INFLUENCER.jpg,의심(작음 425B)
4886057,(우먼) 써머 세미와이드 린넨 팬츠_카키,https://www.musinsa.com/products/4886057,2,7,https://cgraphy.diskn.com/KIIMUIR/SIZE_WOMAN.jpg,"의심(작음 80,422B)"
3974535,(우먼) 코튼 라운드 케이블 하프 니트_블랙,https://www.musinsa.com/products/3974535,2,8,https://cgraphy.diskn.com/KIIMUIR/2024/24SS/240418_SPECIAL_WEEK.jpg,의심(작음 425B)
3974535,(우먼) 코튼 라운드 케이블 하프 니트_블랙,https://www.musinsa.com/products/3974535,2,8,https://cgraphy.diskn.com/KIIMUIR/SIZE_WOMAN.jpg,"의심(작음 80,422B)"
4483101,[WOOL 80] (우먼) 울 세미오버핏 후드 더플 코트_라이트 옐로우,https://www.musinsa.com/products/4483101,2,6,https://cgraphy.diskn.com/KIIMUIR/2024/24FW/KBDWWCL002/intro.gif,"의심(작음 1,113B)"
4483101,[WOOL 80] (우먼) 울 세미오버핏 후드 더플 코트_라이트 옐로우,https://www.musinsa.com/products/4483101,2,6,https://cgraphy.diskn.com/KIIMUIR/SIZE_WOMAN.jpg,"의심(작음 80,422B)"
4499777,오버핏 2-WAY 더플 후드 롱패딩_베이지,https://www.musinsa.com/products/4499777,2,11,https://gabia-concreteworks.xcache.kinxcdn.com/KIIMUIR/2025/25FW/KBDWUHL001BE/03.jpg,의심(작음 439B)
4499777,오버핏 2-WAY 더플 후드 롱패딩_베이지,https://www.musinsa.com/products/4499777,2,11,https://gabia-concreteworks.xcache.kinxcdn.com/KIIMUIR/2025/25FW/KBDWUHL001BE/09.jpg,의심(작음 439B)
4886079,(우먼) 세미와이드 써머 데님 팬츠_블루,https://www.musinsa.com/products/4886079,2,7,https://cgraphy.diskn.com/KIIMUIR/2025/25SS/KBEUWDP002/INFLUENCER.jpg,의심(작음 425B)
4886079,(우먼) 세미와이드 써머 데님 팬츠_블루,https://www.musinsa.com/products/4886079,2,7,https://cgraphy.diskn.com/KIIMUIR/SIZE_WOMAN.jpg,"의심(작음 80,422B)"
3974534,(우먼) 코튼 라운드 케이블 하프 니트_스카이 블루,https://www.musinsa.com/products/3974534,2,8,https://cgraphy.diskn.com/KIIMUIR/2024/24SS/240418_SPECIAL_WEEK.jpg,의심(작음 425B)
3974534,(우먼) 코튼 라운드 케이블 하프 니트_스카이 블루,https://www.musinsa.com/products/3974534,2,8,https://cgraphy.diskn.com/KIIMUIR/SIZE_WOMAN.jpg,"의심(작음 80,422B)"
5903187,[스토커즈 PICK] 와플 헨리넥 크롭 맨투맨_블랙,https://www.musinsa.com/products/5903187,2,10,https://cgraphy.diskn.com/KIIMUIR/2026/26FW/KBFMF0212BK/02.jpg,의심(작음 585B)
5903187,[스토커즈 PICK] 와플 헨리넥 크롭 맨투맨_블랙,https://www.musinsa.com/products/5903187,2,10,https://cgraphy.diskn.com/KIIMUIR/2026/26FW/KBFMF0212BK/04.jpg,의심(작음 585B)
4886059,(우먼) 써머 세미와이드 린넨 팬츠_블랙,https://www.musinsa.com/products/4886059,2,7,https://cgraphy.diskn.com/KIIMUIR/2025/25SS/KBEUWWP003/INFLUENCER.jpg,의심(작음 425B)
4886059,(우먼) 써머 세미와이드 린넨 팬츠_블랙,https://www.musinsa.com/products/4886059,2,7,https://cgraphy.diskn.com/KIIMUIR/SIZE_WOMAN.jpg,"의심(작음 80,422B)"
4886055,(우먼) 써머 세미와이드 린넨 팬츠_딥베이지,https://www.musinsa.com/products/4886055,2,7,https://cgraphy.diskn.com/KIIMUIR/2025/25SS/KBEUWWP003/INFLUENCER.jpg,의심(작음 425B)
4886055,(우먼) 써머 세미와이드 린넨 팬츠_딥베이지,https://www.musinsa.com/products/4886055,2,7,https://cgraphy.diskn.com/KIIMUIR/SIZE_WOMAN.jpg,"의심(작음 80,422B)"
5317873,ATTITUDES 볼캡_버건디,https://www.musinsa.com/products/5317873,2,8,https://cgraphy.diskn.com/KIIMUIR/2025/25FW/KBEFUAC001BG/INFLUENCER.jpg,의심(작음 585B)
5317873,ATTITUDES 볼캡_버건디,https://www.musinsa.com/products/5317873,2,8,https://cgraphy.diskn.com/KIIMUIR/2025/25FW/KBEFUAC001BG/f_IN.jpg,의심(작음 585B)
3974598,디스트로이드 데님 팬츠_블랙,https://www.musinsa.com/products/3974598,2,8,https://cgraphy.diskn.com/KIIMUIR/2024/24SS/240418_SPECIAL_WEEK.jpg,의심(작음 425B)
3974598,디스트로이드 데님 팬츠_블랙,https://www.musinsa.com/products/3974598,2,8,https://cgraphy.diskn.com/KIIMUIR/2024/24SS/MansCampaign/MansCampaign_N.jpg,의심(작음 425B)
4886041,(우먼) 버뮤다 데님 카펜터 쇼츠_화이트,https://www.musinsa.com/products/4886041,2,7,https://cgraphy.diskn.com/KIIMUIR/2025/25SS/KBEUWDT006/INFLUENCER.jpg,의심(작음 425B)
4886041,(우먼) 버뮤다 데님 카펜터 쇼츠_화이트,https://www.musinsa.com/products/4886041,2,7,https://cgraphy.diskn.com/KIIMUIR/SIZE_WOMAN.jpg,"의심(작음 80,422B)"
3832548,(우먼) 파라슈트 스트링 카고 팬츠_화이트,https://www.musinsa.com/products/3832548,2,7,https://cgraphy.diskn.com/KIIMUIR/2024/24SS/240418_SPECIAL_WEEK.jpg,의심(작음 425B)
3832548,(우먼) 파라슈트 스트링 카고 팬츠_화이트,https://www.musinsa.com/products/3832548,2,7,https://cgraphy.diskn.com/KIIMUIR/SIZE_WOMAN.jpg,"의심(작음 80,422B)"
5586317,울 커브드 원턱 와이드 팬츠_블랙,https://www.musinsa.com/products/5586317,2,6,https://cgraphy.diskn.com/KIIMUIR/2025/25FW/KBEWUWP003BK/INFLUENCER.jpg,의심(작음 439B)
5586317,울 커브드 원턱 와이드 팬츠_블랙,https://www.musinsa.com/products/5586317,2,6,https://cgraphy.diskn.com/KIIMUIR/2025/25FW/KBEWUWP003BK/f_BK.jpg,의심(작음 439B)
4679297,(우먼) 스트라이프 스웻셔츠_그레이,https://www.musinsa.com/products/4679297,2,7,https://cgraphy.diskn.com/KIIMUIR/2025/25SS/KBESWTL002/INFLUENCER.jpg,의심(작음 425B)
4679297,(우먼) 스트라이프 스웻셔츠_그레이,https://www.musinsa.com/products/4679297,2,7,https://cgraphy.diskn.com/KIIMUIR/SIZE_WOMAN.jpg,"의심(작음 80,422B)"
3832591,[S/S 프레젠테이션] 세미 와이드 파라슈트 데님 팬츠_블루,https://www.musinsa.com/products/3832591,2,8,https://cgraphy.diskn.com/KIIMUIR/2024/24SS/240418_SPECIAL_WEEK.jpg,의심(작음 425B)
3832591,[S/S 프레젠테이션] 세미 와이드 파라슈트 데님 팬츠_블루,https://www.musinsa.com/products/3832591,2,8,https://cgraphy.diskn.com/KIIMUIR/2024/24SS/MansCampaign/MansCampaign_N.jpg,의심(작음 425B)
3832494,(우먼) 워시드 데님 카고 팬츠_스카이 블루,https://www.musinsa.com/products/3832494,2,6,https://cgraphy.diskn.com/KIIMUIR/2024/24SS/240418_SPECIAL_WEEK.jpg,의심(작음 425B)
3832494,(우먼) 워시드 데님 카고 팬츠_스카이 블루,https://www.musinsa.com/products/3832494,2,6,https://cgraphy.diskn.com/KIIMUIR/SIZE_WOMAN.jpg,"의심(작음 80,422B)"
3974536,(우먼) 코튼 라운드 케이블 하프 니트_베이지,https://www.musinsa.com/products/3974536,2,8,https://cgraphy.diskn.com/KIIMUIR/2024/24SS/240418_SPECIAL_WEEK.jpg,의심(작음 425B)
3974536,(우먼) 코튼 라운드 케이블 하프 니트_베이지,https://www.musinsa.com/products/3974536,2,8,https://cgraphy.diskn.com/KIIMUIR/SIZE_WOMAN.jpg,"의심(작음 80,422B)"
3832663,라인 워시드 루즈핏 데님 팬츠_블루,https://www.musinsa.com/products/3832663,2,8,https://cgraphy.diskn.com/KIIMUIR/2024/24SS/240418_SPECIAL_WEEK.jpg,의심(작음 425B)
3832663,라인 워시드 루즈핏 데님 팬츠_블루,https://www.musinsa.com/products/3832663,2,8,https://cgraphy.diskn.com/KIIMUIR/2024/24SS/MansCampaign/MansCampaign_N.jpg,의심(작음 425B)
3832703,(우먼) 2-WAY 코튼 셔츠 자켓_화이트,https://www.musinsa.com/products/3832703,2,6,https://cgraphy.diskn.com/KIIMUIR/2024/24SS/240418_SPECIAL_WEEK.jpg,의심(작음 425B)
3832703,(우먼) 2-WAY 코튼 셔츠 자켓_화이트,https://www.musinsa.com/products/3832703,2,6,https://cgraphy.diskn.com/KIIMUIR/SIZE_WOMAN.jpg,"의심(작음 80,422B)"
4886054,(우먼) 써머 세미와이드 린넨 팬츠_라이트그레이,https://www.musinsa.com/products/4886054,2,7,https://cgraphy.diskn.com/KIIMUIR/2025/25SS/KBEUWWP003/INFLUENCER.jpg,의심(작음 425B)
4886054,(우먼) 써머 세미와이드 린넨 팬츠_라이트그레이,https://www.musinsa.com/products/4886054,2,7,https://cgraphy.diskn.com/KIIMUIR/SIZE_WOMAN.jpg,"의심(작음 80,422B)"
3032918,드로잉 플라워 트레이닝 팬츠_멜란지 그레이,https://www.musinsa.com/products/3032918,2,6,https://cgraphy.diskn.com/KIIMUIR/web/1012free.jpg,"의심(작음 8,796B)"
3032918,드로잉 플라워 트레이닝 팬츠_멜란지 그레이,https://www.musinsa.com/products/3032918,2,6,https://cgraphy.diskn.com/KIIMUIR/2024/24SS/240418_SPECIAL_WEEK.jpg,의심(작음 425B)
3974488,(우먼) 스카시 카라 반팔 가디건_아이보리,https://www.musinsa.com/products/3974488,2,7,https://cgraphy.diskn.com/KIIMUIR/2024/24SS/240418_SPECIAL_WEEK.jpg,의심(작음 425B)
3974488,(우먼) 스카시 카라 반팔 가디건_아이보리,https://www.musinsa.com/products/3974488,2,7,https://cgraphy.diskn.com/KIIMUIR/SIZE_WOMAN.jpg,"의심(작음 80,422B)"
4886043,(우먼) 버뮤다 데님 카펜터 쇼츠_스카이블루,https://www.musinsa.com/products/4886043,2,7,https://cgraphy.diskn.com/KIIMUIR/2025/25SS/KBEUWDT006/INFLUENCER.jpg,의심(작음 425B)
4886043,(우먼) 버뮤다 데님 카펜터 쇼츠_스카이블루,https://www.musinsa.com/products/4886043,2,7,https://cgraphy.diskn.com/KIIMUIR/SIZE_WOMAN.jpg,"의심(작음 80,422B)"
4301697,[유튜버 PICK] 빈티지 워크 자켓_카키,https://www.musinsa.com/products/4301697,2,8,https://cgraphy.diskn.com/KIIMUIR/2024/24FW/KBDFUJK005/RANKING.jpg,의심(작음 585B)
4301697,[유튜버 PICK] 빈티지 워크 자켓_카키,https://www.musinsa.com/products/4301697,2,8,https://cgraphy.diskn.com/KIIMUIR/2024/24FW/KBDFUJK005/intro.jpg,의심(작음 585B)
3032887,빅 플라워 트레이닝 팬츠_멜란지 그레이,https://www.musinsa.com/products/3032887,2,6,https://cgraphy.diskn.com/KIIMUIR/web/1012free.jpg,"의심(작음 8,796B)"
3032887,빅 플라워 트레이닝 팬츠_멜란지 그레이,https://www.musinsa.com/products/3032887,2,6,https://cgraphy.diskn.com/KIIMUIR/2024/24SS/240418_SPECIAL_WEEK.jpg,의심(작음 425B)
4699680,(우먼) 하이넥 윈드 브레이커_블랙,https://www.musinsa.com/products/4699680,2,7,https://cgraphy.diskn.com/KIIMUIR/2025/25SS/KBESWJP004/INFLUENCER.jpg,의심(작음 425B)
4699680,(우먼) 하이넥 윈드 브레이커_블랙,https://www.musinsa.com/products/4699680,2,7,https://cgraphy.diskn.com/KIIMUIR/SIZE_WOMAN.jpg,"의심(작음 80,422B)"
3012020,스카시 2-WAY 집업니트 가디건_레프리콘 그린,https://www.musinsa.com/products/3012020,2,7,https://cgraphy.diskn.com/KIIMUIR/web/1012free.jpg,"의심(작음 8,796B)"
3012020,스카시 2-WAY 집업니트 가디건_레프리콘 그린,https://www.musinsa.com/products/3012020,2,7,https:https://cgraphy.diskn.com/KIIMUIR/2024/24SS/240418_SPECIAL_WEEK.jpg,없음(잘못된 주소 형식)
3974489,(우먼) 스카시 카라 반팔 가디건_블랙,https://www.musinsa.com/products/3974489,2,7,https://cgraphy.diskn.com/KIIMUIR/2024/24SS/240418_SPECIAL_WEEK.jpg,의심(작음 425B)
3974489,(우먼) 스카시 카라 반팔 가디건_블랙,https://www.musinsa.com/products/3974489,2,7,https://cgraphy.diskn.com/KIIMUIR/SIZE_WOMAN.jpg,"의심(작음 80,422B)"
3794826,빅포켓 투웨이 워싱 데님 자켓_블루,https://www.musinsa.com/products/3794826,2,8,https://cgraphy.diskn.com/KIIMUIR/2024/24SS/240418_SPECIAL_WEEK.jpg,의심(작음 425B)
3794826,빅포켓 투웨이 워싱 데님 자켓_블루,https://www.musinsa.com/products/3794826,2,8,https://cgraphy.diskn.com/KIIMUIR/2024/KII_EarlyBird_240201.jpg,"의심(작음 8,012B)"
3585098,[WOOL 80] 울 세미오버핏 더플 코트_네이비,https://www.musinsa.com/products/3585098,2,11,https://cgraphy.diskn.com/KIIMUIR/2025/25FW/KBDWUCL002NY/03.jpg,의심(작음 439B)
3585098,[WOOL 80] 울 세미오버핏 더플 코트_네이비,https://www.musinsa.com/products/3585098,2,11,https://cgraphy.diskn.com/KIIMUIR/2025/25FW/KBDWUCL002NY/09.jpg,의심(작음 439B)
3832563,(우먼) 스트링 카고 스커트_차콜,https://www.musinsa.com/products/3832563,2,6,https://cgraphy.diskn.com/KIIMUIR/2024/24SS/240418_SPECIAL_WEEK.jpg,의심(작음 425B)
3832563,(우먼) 스트링 카고 스커트_차콜,https://www.musinsa.com/products/3832563,2,6,https://cgraphy.diskn.com/KIIMUIR/SIZE_WOMAN.jpg,"의심(작음 80,422B)"
4301692,[유튜버 PICK] 빈티지 워크 자켓_네이비,https://www.musinsa.com/products/4301692,2,8,https://cgraphy.diskn.com/KIIMUIR/2024/24FW/KBDFUJK005/RANKING.jpg,의심(작음 585B)
4301692,[유튜버 PICK] 빈티지 워크 자켓_네이비,https://www.musinsa.com/products/4301692,2,8,https://cgraphy.diskn.com/KIIMUIR/2024/24FW/KBDFUJK005/intro.jpg,의심(작음 585B)
3832594,세미 와이드 파라슈트 데님 팬츠_스카이 블루,https://www.musinsa.com/products/3832594,2,8,https://cgraphy.diskn.com/KIIMUIR/2024/24SS/240418_SPECIAL_WEEK.jpg,의심(작음 425B)
3832594,세미 와이드 파라슈트 데님 팬츠_스카이 블루,https://www.musinsa.com/products/3832594,2,8,https://cgraphy.diskn.com/KIIMUIR/2024/24SS/MansCampaign/MansCampaign_N.jpg,의심(작음 425B)
4483098,[WOOL 80] (우먼) 울 세미오버핏 후드 더플 코트_네이비,https://www.musinsa.com/products/4483098,2,6,https://cgraphy.diskn.com/KIIMUIR/2024/24FW/KBDWWCL002/intro.gif,"의심(작음 1,113B)"
4483098,[WOOL 80] (우먼) 울 세미오버핏 후드 더플 코트_네이비,https://www.musinsa.com/products/4483098,2,6,https://cgraphy.diskn.com/KIIMUIR/SIZE_WOMAN.jpg,"의심(작음 80,422B)"
5317875,ATTITUDES 볼캡_네이비,https://www.musinsa.com/products/5317875,2,8,https://cgraphy.diskn.com/KIIMUIR/2025/25FW/KBEFUAC001NY/INFLUENCER.jpg,의심(작음 585B)
5317875,ATTITUDES 볼캡_네이비,https://www.musinsa.com/products/5317875,2,8,https://cgraphy.diskn.com/KIIMUIR/2025/25FW/KBEFUAC001NY/f_IN.jpg,의심(작음 585B)
2057860,헤비웨이트 투턱 스트링 스웨트팬츠_그레이,https://www.musinsa.com/products/2057860,2,8,https://cgraphy.diskn.com/KIIMUIR/2024/24SS/240418_SPECIAL_WEEK.jpg,의심(작음 425B)
2057860,헤비웨이트 투턱 스트링 스웨트팬츠_그레이,https://www.musinsa.com/products/2057860,2,8,https://cgraphy.diskn.com/KIIMUIR//RefundExchange.jpg,없음(404)
2752809,울(WOOL) 바시티 자켓_네이비,https://www.musinsa.com/products/2752809,2,8,https://cgraphy.diskn.com/KIIMUIR/2025/25SS/KBESUJK002/REVIEW.jpg,"의심(작음 73,743B)"
2752809,울(WOOL) 바시티 자켓_네이비,https://www.musinsa.com/products/2752809,2,8,https://cgraphy.diskn.com/KIIMUIR/2025/25SS/KBESUJK002/intro_NY_01.jpg,의심(작음 439B)
3832551,(우먼) 파라슈트 스트링 카고 팬츠_브라운,https://www.musinsa.com/products/3832551,2,7,https://cgraphy.diskn.com/KIIMUIR/2024/24SS/240418_SPECIAL_WEEK.jpg,의심(작음 425B)
3832551,(우먼) 파라슈트 스트링 카고 팬츠_브라운,https://www.musinsa.com/products/3832551,2,7,https://cgraphy.diskn.com/KIIMUIR/SIZE_WOMAN.jpg,"의심(작음 80,422B)"
3794839,[S/S 프레젠테이션] 윈드브레이커 4종,https://www.musinsa.com/products/3794839,2,9,https://cgraphy.diskn.com/KIIMUIR/2024/24SS/240418_SPECIAL_WEEK.jpg,의심(작음 425B)
3794839,[S/S 프레젠테이션] 윈드브레이커 4종,https://www.musinsa.com/products/3794839,2,9,https://cgraphy.diskn.com/KIIMUIR/2024/KII_EarlyBird_240201.jpg,"의심(작음 8,012B)"
4886212,써머 와이드 데님 팬츠_스카이블루,https://www.musinsa.com/products/4886212,1,7,https://cgraphy.diskn.com/KIIMUIR/2025/25SS/KBEUUDP001/INFLUENCER.jpg,의심(작음 425B)
4886217,써머 와이드 데님 팬츠_빈티지 블루,https://www.musinsa.com/products/4886217,1,7,https://cgraphy.diskn.com/KIIMUIR/2025/25SS/KBEUUDP001/INFLUENCER.jpg,의심(작음 425B)
3143786,(카라 OR 라운드) 린넨라이크 하프 니트 2종,https://www.musinsa.com/products/3143786,1,7,https://cgraphy.diskn.com/KIIMUIR/2025/25SS/KBEUUKS002KBEUUKS001KBEUUKS004KBEUUKS003/f_LC_2.jpg,의심(작음 585B)
4886214,써머 와이드 데님 팬츠_블랙,https://www.musinsa.com/products/4886214,1,7,https://cgraphy.diskn.com/KIIMUIR/2025/25SS/KBEUUDP001/INFLUENCER.jpg,의심(작음 425B)
2156295,캐시미어블렌드 세미오버핏 발마칸 코트_블랙,https://www.musinsa.com/products/2156295,1,11,https://cgraphy.diskn.com/KIIMUIR/2025/25FW/KBEWUCL001BK/09.jpg,의심(작음 439B)
4699670,(우먼) 세미와이드 올데이 밴딩 팬츠_6 COLOR,https://www.musinsa.com/products/4699670,1,6,https://cgraphy.diskn.com/KIIMUIR/SIZE_WOMAN.jpg,"의심(작음 80,422B)"
4079345,코튼 파라슈트 카펜터 쇼츠_2 COLOR,https://www.musinsa.com/products/4079345,1,7,https://cgraphy.diskn.com/KIIMUIR/2024/KII_TIME%20SALE_20240614.jpg,의심(작음 425B)
3974497,(우먼) 워시드 크롭 반팔 티셔츠_화이트,https://www.musinsa.com/products/3974497,1,7,https://cgraphy.diskn.com/KIIMUIR/SIZE_WOMAN.jpg,"의심(작음 80,422B)"
3974616,이중우수 오픈카라 하프 니트_블루,https://www.musinsa.com/products/3974616,1,7,https://cgraphy.diskn.com/KIIMUIR/2024/24SS/240418_SPECIAL_WEEK.jpg,의심(작음 425B)
4079344,사이드 슬릿 스윔 쇼츠_2 COLOR,https://www.musinsa.com/products/4079344,1,7,https://cgraphy.diskn.com/KIIMUIR/2024/KII_TIME%20SALE_20240614.jpg,의심(작음 425B)
4075971,가먼트다잉 카라 하프 니트_4 COLOR,https://www.musinsa.com/products/4075971,1,6,https://cgraphy.diskn.com/KIIMUIR/2024/24SS/240429_Prd-oreder%20event.jpg,"의심(작음 10,828B)"
2996686,울(WOOL) 헤링턴 자켓_네이비,https://www.musinsa.com/products/2996686,1,7,https://cgraphy.diskn.com/KIIMUIR/2025/25SS/KBESUJK001/intro_NY_01.jpg,의심(작음 439B)
4679417,[유튜버 PICK] 올데이 와이드 데님 팬츠_빈티지블루,https://www.musinsa.com/products/4679417,1,8,https://cgraphy.diskn.com/KIIMUIR/2025/25SS/KBESUDP004/VB_INFLUENCER.jpg,의심(작음 585B)
3974619,하프집업 반팔 니트_그레이쉬 블루,https://www.musinsa.com/products/3974619,1,9,https://cgraphy.diskn.com/KIIMUIR/2024/24SS/240418_SPECIAL_WEEK.jpg,의심(작음 425B)
3974615,이중우수 오픈카라 하프 니트_버터,https://www.musinsa.com/products/3974615,1,7,https://cgraphy.diskn.com/KIIMUIR/2024/24SS/240418_SPECIAL_WEEK.jpg,의심(작음 425B)
4679425,[유튜버 PICK] 비건 레더 워크 자켓_블랙,https://www.musinsa.com/products/4679425,1,7,https://cgraphy.diskn.com/KIIMUIR/2025/25SS/KBESULJ017/intro_BK.jpg,의심(작음 585B)
3974617,하프집업 반팔 니트_올리브 카키,https://www.musinsa.com/products/3974617,1,9,https://cgraphy.diskn.com/KIIMUIR/2024/24SS/240418_SPECIAL_WEEK.jpg,의심(작음 425B)
3143666,스카시 티에리 니트_아이보리,https://www.musinsa.com/products/3143666,1,9,https://cgraphy.diskn.com/KIIMUIR/2024/24SS/240418_SPECIAL_WEEK.jpg,의심(작음 425B)
3143690,스카시 티에리 니트_민트,https://www.musinsa.com/products/3143690,1,9,https://cgraphy.diskn.com/KIIMUIR/2024/24SS/240418_SPECIAL_WEEK.jpg,의심(작음 425B)
5349501,[유튜버 PICK] 플란넬 체크 셔츠_4 COLOR,https://www.musinsa.com/products/5349501,1,7,https://cgraphy.diskn.com/KIIMUIR/2024/24FW/KBDFUSH001/intro_01.jpg,의심(작음 439B)
3974614,(맨즈) 크롭핏 반팔 티셔츠_블랙,https://www.musinsa.com/products/3974614,1,7,https://cgraphy.diskn.com/KIIMUIR/2024/24SS/240418_SPECIAL_WEEK.jpg,의심(작음 425B)
3180142,원턱 테이퍼드 스웨트 버뮤다 팬츠_블랙,https://www.musinsa.com/products/3180142,1,9,https://cgraphy.diskn.com/KIIMUIR/2024/24SS/240418_SPECIAL_WEEK.jpg,의심(작음 425B)
3162672,부클 오버핏 니트 베스트_크림,https://www.musinsa.com/products/3162672,1,8,https://cgraphy.diskn.com/KIIMUIR/2024/24SS/240418_SPECIAL_WEEK.jpg,의심(작음 425B)
4041818,스트라이프 스트링 카라드 탑_그레이,https://www.musinsa.com/products/4041818,1,7,https://cgraphy.diskn.com/KIIMUIR/2024/24SS/240418_SPECIAL_WEEK.jpg,의심(작음 425B)
3466050,(우먼) 배색 2-WAY 후드 집업 니트_브라운,https://www.musinsa.com/products/3466050,1,7,https://cgraphy.diskn.com/KIIMUIR/SIZE_WOMAN.jpg,"의심(작음 80,422B)"
3974604,파라슈트 버뮤다 스웻 쇼츠_다크 그레이,https://www.musinsa.com/products/3974604,1,8,https://cgraphy.diskn.com/KIIMUIR/2024/24SS/240418_SPECIAL_WEEK.jpg,의심(작음 425B)
3162739,써머 드로잉 플라워 쇼츠_그레이,https://www.musinsa.com/products/3162739,1,7,https://cgraphy.diskn.com/KIIMUIR/2024/24SS/240418_SPECIAL_WEEK.jpg,의심(작음 425B)
4679381,(우먼) 올데이 카라드 블루종_네이비,https://www.musinsa.com/products/4679381,1,7,https://cgraphy.diskn.com/KIIMUIR/SIZE_WOMAN.jpg,"의심(작음 80,422B)"
3783417,(우먼) 피그먼트 트레이닝 팬츠_차콜,https://www.musinsa.com/products/3783417,1,5,https://cgraphy.diskn.com/KIIMUIR/SIZE_WOMAN.jpg,"의심(작음 80,422B)"
4482694,(우먼) 노르딕 가디건_아이보리,https://www.musinsa.com/products/4482694,1,5,https://cgraphy.diskn.com/KIIMUIR/SIZE_WOMAN.jpg,"의심(작음 80,422B)"
4482716,(우먼) 스카시 카라 니트 집업_베이지,https://www.musinsa.com/products/4482716,1,5,https://cgraphy.diskn.com/KIIMUIR/SIZE_WOMAN.jpg,"의심(작음 80,422B)"
4375059,(우먼) 레이어드 롱슬리브_블랙,https://www.musinsa.com/products/4375059,1,5,https://cgraphy.diskn.com/KIIMUIR/SIZE_WOMAN.jpg,"의심(작음 80,422B)"
4483199,[SET] 베이직 머플러 & 핑거홀 니트 장갑_2 COLOR,https://www.musinsa.com/products/4483199,1,4,https://cgraphy.diskn.com/KIIMUIR/SIZE_WOMAN.jpg,"의심(작음 80,422B)"
4679272,(우먼) 라인 빅카라 집업_블랙,https://www.musinsa.com/products/4679272,1,7,https://cgraphy.diskn.com/KIIMUIR/SIZE_WOMAN.jpg,"의심(작음 80,422B)"
4679303,(우먼) 레이어드 니트 가디건_그레이,https://www.musinsa.com/products/4679303,1,7,https://cgraphy.diskn.com/KIIMUIR/SIZE_WOMAN.jpg,"의심(작음 80,422B)"
3787856,텍스쳐 오픈카라 숏 자켓_브라운,https://www.musinsa.com/products/3787856,1,8,https://cgraphy.diskn.com/KIIMUIR/2024/KII_EarlyBird_240116.jpg,"의심(작음 8,012B)"
4301120,[유튜버 PICK] 가먼트워싱 카펜터 팬츠_차콜,https://www.musinsa.com/products/4301120,1,7,https://cgraphy.diskn.com/KIIMUIR/2025/25SS/KBESUWP001/CH_INFLUENCER.jpg,의심(작음 585B)
4971389,(우먼) 스트라이프 반팔 티셔츠_그린,https://www.musinsa.com/products/4971389,1,4,https://cgraphy.diskn.com/KIIMUIR/SIZE_WOMAN.jpg,"의심(작음 80,422B)"
5318097,세미 플레어 데님 팬츠_블루,https://www.musinsa.com/products/5318097,1,7,https://cgraphy.diskn.com/KIIMUIR/2025/25FW/KBEFUDP004/INFLUENCER.jpg,의심(작음 585B)
3466060,[세트] (우먼) 투톤 슬리브리스 볼레로 니트 가디건_카키,https://www.musinsa.com/products/3466060,1,5,https://cgraphy.diskn.com/KIIMUIR/SIZE_WOMAN.jpg,"의심(작음 80,422B)"
3974605,파라슈트 버뮤다 스웻 쇼츠_블랙,https://www.musinsa.com/products/3974605,1,8,https://cgraphy.diskn.com/KIIMUIR/2024/24SS/240418_SPECIAL_WEEK.jpg,의심(작음 425B)
3046702,커브드 오버핏 빅카라 집업_그레이,https://www.musinsa.com/products/3046702,1,7,https://cgraphy.diskn.com/KIIMUIR/2024/24SS/240418_SPECIAL_WEEK.jpg,의심(작음 425B)
3792850,코튼 린넨 멀티컬러 크루넥 니트_2 COLOR,https://www.musinsa.com/products/3792850,1,7,https://cgraphy.diskn.com/KIIMUIR/2024/24SS/240418_SPECIAL_WEEK.jpg,의심(작음 425B)
4348837,소프트 텍스쳐 버튼 카라 니트_민트,https://www.musinsa.com/products/4348837,1,8,https://cgraphy.diskn.com/KIIMUIR/2024/24FW/24w_event_1015.jpg,의심(작음 425B)
4971390,(우먼) 스트라이프 반팔 티셔츠_네이비,https://www.musinsa.com/products/4971390,1,4,https://cgraphy.diskn.com/KIIMUIR/SIZE_WOMAN.jpg,"의심(작음 80,422B)"
4375109,(우먼) 코듀로이 바이커 자켓_카멜,https://www.musinsa.com/products/4375109,1,5,https://cgraphy.diskn.com/KIIMUIR/SIZE_WOMAN.jpg,"의심(작음 80,422B)"
3974618,하프집업 반팔 니트_아이보리,https://www.musinsa.com/products/3974618,1,9,https://cgraphy.diskn.com/KIIMUIR/2024/24SS/240418_SPECIAL_WEEK.jpg,의심(작음 425B)
5573599,(우먼) 캐시미어블렌드 세미오버핏 발마칸 로브코트_챠콜,https://www.musinsa.com/products/5573599,1,11,https://gabia-concreteworks.xcache.kinxcdn.com/KIIMUIR/2025/25FW/KBEWWCL001CH/09.jpg,의심(작음 439B)
3466034,(우먼) 울(WOOL) 네프사 크롭 크루넥 니트_그레이,https://www.musinsa.com/products/3466034,1,6,https://cgraphy.diskn.com/KIIMUIR/SIZE_WOMAN.jpg,"의심(작음 80,422B)"
4607086,(우먼) 오버핏 코듀로이 하프 자켓_베이지,https://www.musinsa.com/products/4607086,1,6,https://cgraphy.diskn.com/KIIMUIR/SIZE_WOMAN.jpg,"의심(작음 80,422B)"
5864024,(우먼) 코듀로이 팬츠_네이비,https://www.musinsa.com/products/5864024,1,5,https://cgraphy.diskn.com/KIIMUIR/SIZE_WOMAN.jpg,"의심(작음 80,422B)"
3012017,더블 카라 크루넥 니트_3 COLOR,https://www.musinsa.com/products/3012017,1,9,https://cgraphy.diskn.com/KIIMUIR/web/1012free.jpg,"의심(작음 8,796B)"
4499468,RDS 헤링턴 다운 점퍼_카키,https://www.musinsa.com/products/4499468,1,11,https://cgraphy.diskn.com/KIIMUIR/2025/25FW/KBDWUIH002/03.jpg,의심(작음 439B)
4679314,(우먼) 올데이 세미와이드 데님 팬츠_스카이블루,https://www.musinsa.com/products/4679314,1,7,https://cgraphy.diskn.com/KIIMUIR/SIZE_WOMAN.jpg,"의심(작음 80,422B)"
5864023,(우먼) 코듀로이 팬츠_카멜,https://www.musinsa.com/products/5864023,1,5,https://cgraphy.diskn.com/KIIMUIR/SIZE_WOMAN.jpg,"의심(작음 80,422B)"
3832683,오픈 카라 실키 셔츠_베이지,https://www.musinsa.com/products/3832683,1,6,https://cgraphy.diskn.com/KIIMUIR/2024/24SS/240418_SPECIAL_WEEK.jpg,의심(작음 425B)
3162741,써머 드로잉 플라워 쇼츠_멜란지 그레이,https://www.musinsa.com/products/3162741,1,7,https://cgraphy.diskn.com/KIIMUIR/2024/24SS/240418_SPECIAL_WEEK.jpg,의심(작음 425B)
4041750,코튼 워시드 하프 셔츠_웜그레이,https://www.musinsa.com/products/4041750,1,11,https://cgraphy.diskn.com/KIIMUIR/2024/24SS/240418_SPECIAL_WEEK.jpg,의심(작음 425B)
3974613,(맨즈) 크롭핏 반팔 티셔츠_화이트,https://www.musinsa.com/products/3974613,1,7,https://cgraphy.diskn.com/KIIMUIR/2024/24SS/240418_SPECIAL_WEEK.jpg,의심(작음 425B)
5863894,(우먼) 부클 울 하프 코트_라이트옐로우,https://www.musinsa.com/products/5863894,1,5,https://cgraphy.diskn.com/KIIMUIR/SIZE_WOMAN.jpg,"의심(작음 80,422B)"
4679306,(우먼) 에센셜 브이넥 소프트 니트_4 COLOR,https://www.musinsa.com/products/4679306,1,7,https://cgraphy.diskn.com/KIIMUIR/SIZE_WOMAN.jpg,"의심(작음 80,422B)"
5318076,가먼트다잉 세미 플레어 스웻 팬츠_차콜,https://www.musinsa.com/products/5318076,1,7,https://cgraphy.diskn.com/KIIMUIR/2025/25FW/KBEFUTP006/INFLUENCER.jpg,의심(작음 585B)
4375168,(베이직 or 케이블 선택) 우먼 에센셜 가디건_10 COLOR,https://www.musinsa.com/products/4375168,1,6,https://cgraphy.diskn.com/KIIMUIR/SIZE_WOMAN.jpg,"의심(작음 80,422B)"
3787862,왁스 패디드 숏 봄버 자켓_차콜,https://www.musinsa.com/products/3787862,1,7,https://cgraphy.diskn.com/KIIMUIR/2024/24SS/240418_SPECIAL_WEEK.jpg,의심(작음 425B)
4375108,(우먼) 코듀로이 바이커 자켓_네이비,https://www.musinsa.com/products/4375108,1,7,https://cgraphy.diskn.com/KIIMUIR/SIZE_WOMAN.jpg,"의심(작음 80,422B)"
4482705,(우먼) 노르딕 가디건_네이비,https://www.musinsa.com/products/4482705,1,5,https://cgraphy.diskn.com/KIIMUIR/SIZE_WOMAN.jpg,"의심(작음 80,422B)"
4679313,(우먼) 올데이 세미와이드 데님 팬츠_화이트,https://www.musinsa.com/products/4679313,1,7,https://cgraphy.diskn.com/KIIMUIR/SIZE_WOMAN.jpg,"의심(작음 80,422B)"
3466009,(우먼) 울(WOOL) 버튼 포인트 니트_핑크,https://www.musinsa.com/products/3466009,1,7,https://cgraphy.diskn.com/KIIMUIR/SIZE_WOMAN.jpg,"의심(작음 80,422B)"
4679315,(우먼) 올데이 세미와이드 데님 팬츠_빈티지블루,https://www.musinsa.com/products/4679315,1,7,https://cgraphy.diskn.com/KIIMUIR/SIZE_WOMAN.jpg,"의심(작음 80,422B)"
4375110,(우먼) 코듀로이 바이커 자켓_베이지,https://www.musinsa.com/products/4375110,1,5,https://cgraphy.diskn.com/KIIMUIR/SIZE_WOMAN.jpg,"의심(작음 80,422B)"
5857814,(우먼) 컴팩트 카라 하프집업 니트_아이보리,https://www.musinsa.com/products/5857814,1,6,https://cgraphy.diskn.com/KIIMUIR/SIZE_WOMAN.jpg,"의심(작음 80,422B)"
3832575,투턱 나일론 와이드 팬츠_라이트 그레이,https://www.musinsa.com/products/3832575,1,7,https://cgraphy.diskn.com/KIIMUIR/2024/24SS/240418_SPECIAL_WEEK.jpg,의심(작음 425B)
3792838,럭비 카라드 맨투맨_오트밀,https://www.musinsa.com/products/3792838,1,7,https://cgraphy.diskn.com/KIIMUIR/2024/24SS/240418_SPECIAL_WEEK.jpg,의심(작음 425B)
4348836,소프트 텍스쳐 버튼 카라 니트_스카이블루,https://www.musinsa.com/products/4348836,1,8,https://cgraphy.diskn.com/KIIMUIR/2024/24FW/24w_event_1015.jpg,의심(작음 425B)
3584988,(우먼) 서플러스 대디핏 울(WOOL) 싱글 맥시 코트_클라우드 크림,https://www.musinsa.com/products/3584988,1,8,https://cgraphy.diskn.com/KIIMUIR/SIZE_WOMAN.jpg,"의심(작음 80,422B)"
3787857,텍스쳐 오픈카라 숏 자켓_차콜,https://www.musinsa.com/products/3787857,1,8,https://cgraphy.diskn.com/KIIMUIR/2024/KII_EarlyBird_240116.jpg,"의심(작음 8,012B)"
3832628,세미 플레어 데님 팬츠_블랙,https://www.musinsa.com/products/3832628,1,7,https://cgraphy.diskn.com/KIIMUIR/2024/24SS/240418_SPECIAL_WEEK.jpg,의심(작음 425B)
5318732,가먼트다잉 버튼 후디_차콜,https://www.musinsa.com/products/5318732,1,7,https://cgraphy.diskn.com/KIIMUIR/2025/25FW/KBEFUTH003/INFLUENCER.jpg,의심(작음 585B)
5863897,(우먼) 부클 울 하프 코트_네이비,https://www.musinsa.com/products/5863897,1,5,https://cgraphy.diskn.com/KIIMUIR/SIZE_WOMAN.jpg,"의심(작음 80,422B)"
3434507,레터링 그래픽 후드_네이비,https://www.musinsa.com/products/3434507,1,8,https://cgraphy.diskn.com/KIIMUIR/2024/24SS/240418_SPECIAL_WEEK.jpg,의심(작음 425B)
4679379,(우먼) 올데이 카라드 블루종_스카이블루,https://www.musinsa.com/products/4679379,1,7,https://cgraphy.diskn.com/KIIMUIR/SIZE_WOMAN.jpg,"의심(작음 80,422B)"
3466066,(우먼) (5 COLOR) 슬림핏 투톤(two-tone) 니트,https://www.musinsa.com/products/3466066,1,6,https://cgraphy.diskn.com/KIIMUIR/SIZE_WOMAN.jpg,"의심(작음 80,422B)"
3051496,코튼 메쉬드 크루넥 니트_3 COLOR,https://www.musinsa.com/products/3051496,1,8,https://cgraphy.diskn.com/KIIMUIR/2024/24SS/240418_SPECIAL_WEEK.jpg,의심(작음 425B)
3794783,헤비 옥스퍼드 자켓_베이지,https://www.musinsa.com/products/3794783,1,7,https://cgraphy.diskn.com/KIIMUIR/2024/24SS/240418_SPECIAL_WEEK.jpg,의심(작음 425B)
3466030,(우먼) 울(WOOL) 네프사 크롭 크루넥 니트_핑크,https://www.musinsa.com/products/3466030,1,6,https://cgraphy.diskn.com/KIIMUIR/SIZE_WOMAN.jpg,"의심(작음 80,422B)"
3434506,레터링 그래픽 후드_멜란지 그레이,https://www.musinsa.com/products/3434506,1,9,https://cgraphy.diskn.com/KIIMUIR/2024/24SS/240418_SPECIAL_WEEK.jpg,의심(작음 425B)
3434500,레터링 그래픽 맨투맨_멜란지 그레이,https://www.musinsa.com/products/3434500,1,9,https://cgraphy.diskn.com/KIIMUIR/2024/24SS/240418_SPECIAL_WEEK.jpg,의심(작음 425B)
3794581,왁스 패디드 숏 베스트_차콜,https://www.musinsa.com/products/3794581,1,6,https://cgraphy.diskn.com/KIIMUIR/2024/24SS/240418_SPECIAL_WEEK.jpg,의심(작음 425B)
3787863,왁스 패디드 숏 봄버 자켓_카키,https://www.musinsa.com/products/3787863,1,7,https://gabia-concreteworks.xcache.kinxcdn.com/KIIMUIR/2024/24SS/240418_SPECIAL_WEEK.jpg,의심(작음 425B)
3794784,헤비 옥스퍼드 자켓_스카이 블루,https://www.musinsa.com/products/3794784,1,7,https://gabia-concreteworks.xcache.kinxcdn.com/KIIMUIR/2024/24SS/240418_SPECIAL_WEEK.jpg,의심(작음 425B)
3974603,파라슈트 버뮤다 스웻 쇼츠_오트밀,https://www.musinsa.com/products/3974603,1,8,https://cgraphy.diskn.com/KIIMUIR/2024/24SS/240418_SPECIAL_WEEK.jpg,의심(작음 425B)
3180141,원턱 테이퍼드 스웨트 버뮤다 팬츠_그레이,https://www.musinsa.com/products/3180141,1,9,https://cgraphy.diskn.com/KIIMUIR/2024/24SS/240418_SPECIAL_WEEK.jpg,의심(작음 425B)
3792845,릴렉스드 세미 크롭 맨투맨_오트밀,https://www.musinsa.com/products/3792845,1,7,https://cgraphy.diskn.com/KIIMUIR/2024/24SS/240418_SPECIAL_WEEK.jpg,의심(작음 425B)
3162740,써머 드로잉 플라워 반팔 크루넥_멜란지 그레이,https://www.musinsa.com/products/3162740,1,7,https://cgraphy.diskn.com/KIIMUIR/2024/24SS/240418_SPECIAL_WEEK.jpg,의심(작음 425B)
3794545,퓨어코튼 워셔블 크루넥 니트_7 COLOR,https://www.musinsa.com/products/3794545,1,8,https://cgraphy.diskn.com/KIIMUIR/2024/24SS/240418_SPECIAL_WEEK.jpg,의심(작음 425B)
3792837,럭비 카라드 맨투맨_네이비,https://www.musinsa.com/products/3792837,1,7,https://cgraphy.diskn.com/KIIMUIR/2024/24SS/240418_SPECIAL_WEEK.jpg,의심(작음 425B)
3585220,코듀로이 헤링턴 RDS 다운점퍼_카멜,https://www.musinsa.com/products/3585220,1,11,https://gabia-concreteworks.xcache.kinxcdn.com/KIIMUIR/2025/25FW/KBEWUIH001/09.jpg,의심(작음 439B)
4483353,(우먼) RDS 더플 숏 다운_브라운,https://www.musinsa.com/products/4483353,1,5,https://cgraphy.diskn.com/KIIMUIR/SIZE_WOMAN.jpg,"의심(작음 80,422B)"
3794566,(우먼) 유틸리티 2-WAY 크롭 자켓_브라운,https://www.musinsa.com/products/3794566,1,7,https://cgraphy.diskn.com/KIIMUIR/2024/24SS/240418_SPECIAL_WEEK.jpg,의심(작음 425B)
3832795,[수피마 코튼] 컴포트 셔츠_4 COLOR,https://www.musinsa.com/products/3832795,1,9,https://cgraphy.diskn.com/KIIMUIR/2024/24SS/240418_SPECIAL_WEEK.jpg,의심(작음 425B)
4041752,코튼 워시드 하프 셔츠_그린,https://www.musinsa.com/products/4041752,1,11,https://cgraphy.diskn.com/KIIMUIR/2024/24SS/240418_SPECIAL_WEEK.jpg,의심(작음 425B)
4483352,(우먼) RDS 더플 숏 다운_카키,https://www.musinsa.com/products/4483352,1,5,https://gabia-concreteworks.xcache.kinxcdn.com/KIIMUIR/SIZE_WOMAN.jpg,"의심(작음 80,422B)"
2156653,쉘블록 2-WAY 플랩 숏패딩_라이트베이지,https://www.musinsa.com/products/2156653,1,7,//gabia-concreteworks.xcache.kinxcdn.com//KIIMUIR/web/1012free.jpg,"의심(작음 8,796B)"
4607052,(우먼) 울 라이크 하이넥 점퍼_2COLOR,https://www.musinsa.com/products/4607052,1,6,https://cgraphy.diskn.com/KIIMUIR/SIZE_WOMAN.jpg,"의심(작음 80,422B)"
